-- MySQL dump 10.11
--
-- Host: localhost    Database: chjp
-- ------------------------------------------------------
-- Server version	5.0.96-community-nt

/*!40101 SET @OLD_CHARACTER_SET_CLIENT=@@CHARACTER_SET_CLIENT */;
/*!40101 SET @OLD_CHARACTER_SET_RESULTS=@@CHARACTER_SET_RESULTS */;
/*!40101 SET @OLD_COLLATION_CONNECTION=@@COLLATION_CONNECTION */;
/*!40101 SET NAMES utf8 */;
/*!40103 SET @OLD_TIME_ZONE=@@TIME_ZONE */;
/*!40103 SET TIME_ZONE='+00:00' */;
/*!40014 SET @OLD_UNIQUE_CHECKS=@@UNIQUE_CHECKS, UNIQUE_CHECKS=0 */;
/*!40014 SET @OLD_FOREIGN_KEY_CHECKS=@@FOREIGN_KEY_CHECKS, FOREIGN_KEY_CHECKS=0 */;
/*!40101 SET @OLD_SQL_MODE=@@SQL_MODE, SQL_MODE='NO_AUTO_VALUE_ON_ZERO' */;
/*!40111 SET @OLD_SQL_NOTES=@@SQL_NOTES, SQL_NOTES=0 */;

--
-- Table structure for table `ch_ori`
--

DROP TABLE IF EXISTS `ch_ori`;
/*!40101 SET @saved_cs_client     = @@character_set_client */;
/*!40101 SET character_set_client = utf8 */;
CREATE TABLE `ch_ori` (
  `ch_id` int(11) NOT NULL auto_increment,
  `ch_text` text NOT NULL,
  `author` varchar(255) default NULL,
  `publisher` varchar(255) default NULL,
  `pub_date` varchar(255) default NULL,
  `user_num_ch` int(11) default NULL,
  PRIMARY KEY  (`ch_id`),
  KEY `ch_user_fk` (`user_num_ch`),
  CONSTRAINT `ch_user_fk` FOREIGN KEY (`user_num_ch`) REFERENCES `users` (`user_id`) ON DELETE SET NULL ON UPDATE CASCADE
) ENGINE=InnoDB AUTO_INCREMENT=2049 DEFAULT CHARSET=utf8;
/*!40101 SET character_set_client = @saved_cs_client */;

--
-- Dumping data for table `ch_ori`
--

LOCK TABLES `ch_ori` WRITE;
/*!40000 ALTER TABLE `ch_ori` DISABLE KEYS */;
INSERT INTO `ch_ori` VALUES (1504,'其中有些人出发去斯塔膝岛，却到了卡纳尔西，要不就是在昏睡中由一个警察带回来。','','','',4),(1505,'有些人忘记了他们住在哪里，彻底消失了。','','','',4),(1506,'有些人我们雇用在纽约工作，却在一个月后出现在费城，好像这很正常。','','','',4),(1507,'有些人出发去目的地，却在中途决定，还是卖报纸更容易些。','','','',4),(1508,'然后有些人就会穿着我们发给他们的制服去卖报纸。','','','',4),(1509,'有些人则受某种古怪的自我保护本能的驱使而径直去了拘留所。','','','',4),(1510,'海米早晨一到办公室，先是削铅笔。','','','',4),(1511,'无论有多少电话打来，他都一丝不苟地削，','','','',4),(1512,'他后来解释给我听，这是因为，如果他不是一下子马上把铅笔削好，那么就再也没有机会削了。','','','',4),(1513,'其次是看一下窗外，了解天气如何。','','','',4),(1514,'然后，用一支刚削好的铅笔，在他放在身边的用人名单的最上面，画一个小方框，在方框内写上天气预报。','','','',4),(1515,'他还告诉我，这往往会成为不在犯罪现场的有用证明。','','','',4),(1516,'如果雪有一尺深，或者地面被雨雪覆盖，即使没有更快地把散兵游勇们差来差去也会被原谅。','','','',4),(1517,'人事部经理亦会被原谅，没有人在这样的天气里填补空缺。','','','',4),(1518,'但是，他削完铅笔后，为什么不先去上厕所，却马上埋头于电话交换机，这对我来说是个谜。','','','',4),(1519,'这一点，他后来也向我解释了。','','','',4),(1520,'总之，一天之中总有混乱、抱怨、便秘、空缺来打断工作进程。','','','',4),(1521,'事务所的一天也是以响亮的臭屁、污浊的气味、错位的神经、癫痫并脑膜炎、低收入、拖欠工资、破鞋、鸡眼与脚并扁平足、失窃的笔记本与钢笔、飘撒在阴沟中的电报纸、大风暴冲击下的电报线、新的有效方法与被抛弃的旧方法、对好时光希望与口惠而实不至的奖金等等而开始的。','','','',4),(1522,'新的送信人跳出战壕，便被机枪扫射而死。','','','',4),(1523,'老手越挖越深，像奶酪中的耗子。','','','',4),(1524,'无人满意，尤其是公众不满意。','','','',4),(1525,'打电报十分钟就可以打到旧金山，但是也许要过一年，电报才能送到收报人手中。','','','',4),(1526,'不小心的话也许永远也送不到。','','','',4),(1527,'福利会的马洛礼先生希望我能雇佣被假释的模范囚犯，他们很愿意做任何工作，甚至当送信人。','','','',4),(1528,'他希望我在某个时候能拨冗听他谈谈这些。','','','',4),(1529,'犹太慈善组织的古根霍弗尔夫人表示，假如我帮助她维持几个破碎家庭的话会非常感谢我。','','','',4),(1530,'这些家庭之所以贫穷，是因为家庭中有着病人、瘸子或残疾人。','','','',4),(1531,'救助逃亡男孩的某人则肯定，他完全有棒小伙给我，只要我给他们一次机会。','','','',4),(1532,'据说他们全都受到过后爹后妈的虐待。','','','',4),(1533,'纽约市长则很希望我能对持信人专门关照一下，他可以以一切作担保。','','','',4),(1534,'可是究竟为什么他自己不给那位持信人一个工作，这倒是个谜。','','','',4),(1535,'有人凑近我肩膀，递给我一张他刚写好的纸条。','','','',4),(1536,'我什么都明白，但我耳朵不好使。','','','',4),(1537,'路德站在他旁边，穿着的破烂上衣是用安全别针系在一起的。','','','',4),(1538,'路德是七分之二的纯印第安人，七分之五的美籍德国人，他是这样说的。','','','',4),(1539,'在印第安人方面，他是一个克劳人，来自蒙大拿州的克劳人之一。','','','',4),(1540,'他上一个工作是安装遮光帘。','','','',4),(1541,'但是他所有的裤子都露了屁股，他羞于当着女士的面爬到梯子上去。','','','',4),(1542,'他前两天刚出医院，仍然有点儿虚弱，但是他认为还不至于弱到不能送电报。','','','',4),(1543,'然后是米什、我怎么会忘记他呢。','','','',4),(1544,'他整个上午都排队等候着同我说句话。','','','',4),(1545,'我从未回过他寄给我的信。','','','',4),(1546,'这公正吗，他谦逊地问我。','','','',4),(1547,'我说当然这是错的。','','','',4),(1548,'我模糊记得他从任职的宠物医院寄给我的最后一封信。','','','',4),(1549,'他说他后悔辞去了他的工作，','','','',4),(1550,'但是这是由于他的父亲，他对他太严格，不给他任何娱乐或户外的乐趣。','','','',4),(1551,'然后他又说道，我现在已经二十五岁了。','','','',4),(1552,'我认为我不应该再同父亲睡在一起。','','','',4),(1553,'我知道，人们说你是一个大好人。','','','',4),(1554,'可靠的老家伙站在他旁边，等我对他做出示意。','','','',4),(1555,'这老头要把他赶走。','','','',4),(1556,'当时他穿着制服躺在公司总部门前的人行道上，癫痫病发作。','','','',4),(1557,'对于这件事，这个老人记得非常清楚。','','','',4),(1558,'我要给他一个机会，这可怜的家伙。','','','',4),(1559,'也许我会送他去中国城，那里的工作相当清闲。','','','',4),(1560,'他到里屋去换制服的空挡里，我又听一个孤儿给我唠唠叨叨。','','','',4),(1561,'他说，假如我给他一个机会，他就每个星期天都去教堂为我祈祷，','','','',4),(1562,'当然另外有些星期天他还得向负责他假释的官员报告近况。','','','',4),(1563,'他似乎没做什么坏事。','','','',4),(1564,'他只是把人推了一下，这人头撞在地上，死了。','','','',4),(1565,'下一个是曾经担任过直布罗陀前领事的男人。','','','',4),(1566,'写一笔好字、有点太好了。','','','',4),(1567,'我请他傍晚再来见我一次。','','','',4),(1568,'我总觉得他有些金玉其外的感觉','','','',4),(1569,'这时，它却在更衣室里旧病发作、真是不幸中的万幸。','','','',4),(1570,'如果此事发生在地铁里，那我就得吃炒鱿鱼了。','','','',4),(1571,'同事正请他出去，他气得发疯。','','','',4),(1572,'我身强力壮，不是吗。','','','',4),(1573,'他大叫，为了加以证实，他用好胳膊抓起一把椅子，把它摔成碎片。','','','',4),(1574,'我回到办公桌那里，看到一封给我的电报。','','','',4),(1575,'我拆开一看，是乔治打来的，他是营业所前送信人。','','','',4),(1576,'我很遗憾我不得不这么快退出，但是这工作不适合我的懒散性格。','','','',4),(1577,'我真的很爱好劳动与节俭，但是我们很多次都不能控制或克制我们个人的自尊。','','','',4),(1578,'开始，我热情很高，尽管上下都有压力。','','','',4),(1579,'我有想法，就付诸实施，不管副总裁满意不满意。','','','',4),(1580,'每隔十天左右，我就要受一通训斥，说我太过大胆。','','','',4),(1581,'我口袋里从来没有钱，可是我花别人的钱很大方。','','','',4),(1582,'只要我是老板，我就有信用。','','','',4),(1583,'我总是逢人便给钱。','','','',4),(1584,'我给外衣、内衣、书，什么多余了，我就给什么。','','','',4),(1585,'要是我有权，我会把公司都给那些可怜的废物的，省得他们来烦我。','','','',4),(1586,'要是有人问我要一角钱，我就给他半个美元；要是有人问我要一个美元，我就给他五个。','','','',4),(1587,'我才不管给出去多少钱呢。','','','',4),(1588,'因为借花献佛比拒绝那些可怜家伙要容易。','','','',4),(1589,'我一生中从来没有见过有这么多不幸集中在一起。','','','',4),(1590,'我希望再也不要看见这些了。','','','',4),(1591,'所有的人都很穷、他们一直穷，而且将永远穷。','','','',4),(1592,'在那底下，有一团火焰，通常很小，几乎看不见。','','','',4),(1593,'但是它在那里，如果有人胆敢朝它吹口气，它就会蔓延成一场大火。','','','',4),(1594,'我经常被敲打，让我不要太宽厚，不要太动感情，不要太慈悲。','','','',4),(1595,'心要狠、不要讲情面！他们告诫我。','','','',4),(1596,'胡说八道！我在心底反驳道，我一定要宽厚仁慈、诚心诚意的对待别人。','','','',4),(1597,'而且，在当时我还认真的听了他们所有人的话。','','','',4),(1598,'我对我不能给他工作的人，我就给他钱，如果我没有钱，我就给他香烟，或者给他勇气。','','','',4),(1599,'不管怎样我都给，其效果是令人瞠目结舌的。','','','',4),(1600,'没有人可以估量一件好事、一句好话的结果。','','','',4),(1601,'我淹没在感激、良好祝愿、邀请及令人柔肠寸断的小礼品之中。','','','',4),(1602,'如果我真正有权，而不是多余的人，天知道我会做出什么样的事情来呢。','','','',4),(1603,'我可以把电报公司作为基地，来把一切人道带给上帝。','','','',4),(1604,'我可以同样改变南北美洲，还有加拿大自治领。','','','',4),(1605,'我手中掌握这个秘密：要慷慨，仁慈，耐心。','','','',4),(1606,'我做五个人的工作，三年中几乎不睡觉。','','','',4),(1607,'我都没有一件完整的衬衣。','','','',4),(1608,'我往往羞于向老婆借钱，或者挪用孩子的积蓄，为了早上能有车费去上班，只能在地铁站诈骗瞎眼的卖报人。','','','',4),(1609,'我各处欠了这么多的钱，就是工作二十年也还不清。','','','',4),(1610,'我掏富人的腰包补给穷人。','','','',4),(1611,'这种天经地义的事，如果我今后也处在同样的位置上，我依然要这样做。','','','',4),(1612,' 我甚至创造了奇迹，阻止了雇用人员的流动。','','','',4),(1613,'以前没有人敢想过这样的事。','','','',4),(1614,'可是，这些领导们不但不支持我的努力，反而暗地里拆我的台。','','','',4),(1615,'按照他们的逻辑，是工资太高了，人员才不流动。','','','',4),(1616,'所以他们就削减工资。','','','',4),(1617,'这就好比将桶底踢穿。','','','',4),(1618,'整座大厦在我手上坍塌了，倾覆了。','','','',4),(1619,'他们却好像什么也没发生过一样，坚持要立即将缺口补上。','','','',4),(1620,'为了将这打击缓和一点，他们明确表示，我甚至可以增加犹太人的百分比，可以不时雇用一个残疾人，只要他还行。','','','',4),(1621,'还说我可以做这做那，而所有这一切，他们以前告诉我，都是违反法规的。','','','',4),(1622,'我怒不可遏，不管不顾的全员采用。','','','',4),(1623,'我还会雇用野马和大猩猩呢，只要我能唤起他们一点点必要的智能，足以送送电报就行。','','','',4),(1624,'几天前，下班时只有五六个空缺。','','','',4),(1625,'现在有三百、四百、五百个、送信人他们像沙子一样流走。','','','',4),(1626,'简直令人不敢相信。','','','',4),(1627,'我仰靠在椅子上，一句废话不说，直接照单全收所有报名的。','','','',4),(1628,'各个营业所的经理吓坏了，我却乐不可支。','','','',4),(1629,'想着我正在亲手制造怎样的一个臭气冲天的大杂烩，就整天都很欢乐。','','','',4),(1630,'如预料一样，投诉者全国各地蜂拥而来。','','','',4),(1631,'业务瘫痪了，阻塞了，窒息了。','','','',4),(1632,'我雇佣的白痴里面，有相当一部分超越常识的缓慢的家伙。','','','',4),(1633,'新时代里有了最好的事情，这便是招收了女送信人。','','','',4),(1634,'这件事改变了这儿的整个气氛。','','','',4),(1635,'对海米来说，这尤其是天赐良缘。','','','',4),(1636,'他把他的交换台搬来搬去，为的是我也能够看到她们。','','','',4),(1637,'尽管工作增加，但他永远兴致勃勃。','','','',4),(1638,'他笑眯眯地来上班，整天都笑眯眯的。','','','',4),(1639,'他总是如同在天堂里一般。','','','',4),(1640,'一天结束时，我总有一张五六人的名单，值得一试。','','','',4),(1641,'我们耍的花招就是让她们上钩，答应她们有工作，但是先要免费干一次。','','','',4),(1642,'如果她们喜欢喝点什么，海米就带瓶酒来。','','','',4),(1643,'如果她们很好，而且真的需要钱，海米有时候就会亮出他的钞票，扔下一张五元或十元的票子。','','','',4),(1644,'我想到他身上带的钱就垂涎欲滴。','','','',4),(1645,'我从来不知道他从哪儿弄来的钱。','','','',4),(1646,'因为他是这里收入最低的人。','','','',4),(1647,'但他总是有钱，无论我要多少，我总能拿到手。','','','',4),(1648,'有一次我们偶尔发了一次奖金，我就一分钱也不差地统统还给他，他很惊喜。','','','',4),(1649,'那天晚上就领我到戴尔莫尼哥去，在我身上花了一大笔钱。','','','',4),(1650,'不仅如此，第二天他还坚持要给我买礼帽、衬衣和手套。','','','',4),(1651,'这就是两年以后事务所”的状况。','','','',4),(1652,'我富于人性，富于这样那样的经验。','','','',4),(1653,'在我清醒的时刻，我就做笔记，打算以后一旦有机会来记录我的经历时派上用场我等待着喘口气的时间。','','','',4),(1654,'然后碰巧有一天，因为某种胡乱的疏忽，我受到训斥，副总裁无意中甩出一句话来，令我耿耿于怀。','','','',4),(1655,'我想让人来写一本关于送信人的霍拉修·阿尔杰式的书，你来写一本吧。','','','',4),(1656,'我愤愤不平地想，他真是个愚顽的傻瓜，同时又很高兴，','','','',4),(1657,'不久我就能将我暗中渴望要说的话痛痛快快写出来。','','','',4),(1658,'我头脑里一片混乱地走出了他的办公室。','','','',4),(1659,'我看见从我手上经过的大队人马，那些男女老少，看见他们哭泣，恳求，哀求，乞求，诅咒，啐人，骂娘，威胁。','','','',4),(1660,'我看见他们留在公路上的足迹，看见躺着不动的货运列车，看见衣衫褴褛的父母，空空的煤箱，污水横溢的阴沟，渗着水珠的墙壁，以及在冰冷的水珠之间发疯似地飞窜的蟑螂。','','','',4),(1661,'我看见他们跌跌冲冲走路，就像缩成一团的侏儒，或者仰面倒地，癫痫大发作，嘴巴歪扭，唾沫飞溅，手舞足蹈。','','','',4),(1662,'我看见墙壁倒塌，害虫像长了翅膀的液体一般奔涌出来，','','','',4),(1663,'而那些高高在上的人，却坚持他们铁一般的逻辑，等待着这一阵风刮过去，等待着一切都被弥补好，等待着。','','','',4),(1664,'我清清楚楚的看见他们心满意足地、舒舒服服地等待着，嘴上叼着大雪茄，两腿翘在桌子上，说事情只是暂时出了问题。','','','',4),(1665,'我看见霍拉修·阿尔杰式的英雄，一个有病的美国人之梦，他越爬越高，先是送信人，然后是经纪人，然后是经理，然后是主任，然后是总管，然后是副总裁，然后是总裁，然后是托拉斯巨头，然后是啤酒大王，然后是美洲的大亨，财神爷，神中之神，人中之人，天堂的虚妄，前前后后有着九万七千位小数的零。','','','',4),(1666,'你既然这么想看我的小说，那我要给你细细的绘一幅屁都不是的十二个小人、十二条踩不死的蛀虫，正在蛀空你这座腐朽大厦根基的画。','','','',4),(1667,'给你看看在世界末日后的第二天，当所有的臭气都已清除掉的时候，霍拉修·阿尔杰是个什么样子。','','','',4),(1668,' 他们从世界各地来到我这里，得到救助。','','','',4),(1669,'除原始人以外，几乎没有一个种族没有代表加入我的劳动大军阵营。','','','',4),(1670,'除了阿依努人、毛利人、巴布亚人、维达人、拉普人、祖鲁人、巴塔哥尼亚人、伊戈罗特人、霍屯督人、图瓦莱格人，除了已绝种的塔斯马尼亚人、格里马尔迪人、亚特兰蒂斯人，我有天底下几乎每一种人种的代表。','','','',4),(1671,'有兄弟俩，现在还热衷于太阳崇拜，还有两个聂斯脱利派教徒，来自古老的亚述世界。','','','',4),(1672,'有一对来自马耳他的马耳他孪生兄弟和一个尤卡坦的玛雅人后代。','','','',4),(1673,'有一些来自菲律宾的小黑兄弟和一些来自阿比西尼亚的埃塞俄比亚人。','','','',4),(1674,'有来自阿根廷大草原的人，有从蒙大拿来的失业牛仔。','','','',4),(1675,'我只有过一个我可以想得起来的法国人，他只坚持了大约三个小时。','','','',4),(1676,'我有过一些美洲印第安人，但是没有过西藏人，没有过爱斯基摩人。','','','',4),(1677,'我见过我决然想象不出来的名字，我见过书写有楔形文字，直至中国人那种老练而漂亮得出奇的书法。','','','',4),(1678,'来向我求职的人中有着各种各样经历的人。','','','',4),(1679,'天下之大，无奇不有，他们什么都做过。','','','',4),(1680,'他们络绎不绝的涌来乞求一份工作，挣些烟钱、车钱，争取一个机会。','','','',4),(1681,'万能的基督呀，给我一个机会。','','','',4),(1682,'我见识到并认识了一些圣徒，如果这个世界真的有圣徒的话。','','','',4),(1683,'我见到并同放纵和不放纵的学者谈过话。','','','',4),(1684,'我听那些肠子里燃着神圣之火的人说过话，他们可以说服万能的上帝再给他们一次机会，却说服不了宇宙精灵电报公司的副总裁。','','','',4),(1685,'我牢牢地钉在办公桌旁，我也以闪电的速度周游世界。','','','',4),(1686,'我知道天下乌鸦一般黑、到处是饥饿、羞辱、无知、邪恶、贪婪、敲诈、诈骗、折磨、专制，人对人的不人道；枷锁、挽具、笼头、缰绳、鞭子、踢马刺。','','','',4),(1687,'才智越贫乏，人就越倒霉。','','','',4),(1688,'人们穿着那些让人看不起的、等而下之的服装，走在纽约街头。','','','',4),(1689,'像海雀，像企鹅，像阉牛，像驯养的海豹，像疯了般的大猩猩，像有耐力的骡子，像大公驴，像正在咬上悬空诱饵的驯顺的疯子，像跳华尔兹舞的耗子，像豚鼠，像松鼠，像兔子一般在街上闲逛。','','','',4),(1690,'许多人都适合统治世界，适合写世界上最伟大的书。','','','',4),(1691,'我想起我认识的一些波斯人、印度人、阿拉伯人，我想起他们显示的性格、他们的优雅、他们的温存、他们的智慧、他们的神圣。','','','',4),(1692,'我就要朝世界上的白人征服者啐唾沫：那些堕落的英国佬，体面的沾沾自喜的法国佬。','','','',4),(1693,'地球是一种了不起的有感觉的存在，一个沏头彻尾充满着人的星球，一个支支吾吾、结结巴巴地自我表白的活的星球。','','','',4),(1694,'这不是白种人的家，也不是黑种人、黄种人或已经绝种的青种人的家，而是人的家。','','','',4),(1695,'所有人在上帝面前都是平等的，都会有自己的机会，如果现在没有，那么一百万年以后会有的。','','','',4),(1696,'菲律宾的小黑弟兄们有朝一日会再次兴盛。','','','',4),(1697,'南北美洲被杀害的印第安人有朝一日也会活过来，在现在矗立着城市、喷着火焰、传播着瘟疫的平原上驰骋。','','','',4),(1698,'谁说了算，人，地球是人的。','','','',4),(1699,'因为人就是地球，地球的火、水、空气、矿产、物质、精神。','','','',4),(1700,'他们还是是宇宙性的，是不灭的，也是一切行星的精神，其自身的改变正是通过人，通过无穷无尽的标记和象征，通过无限的表现形式。','','','',4),(1701,'等一下，你这堆电信公司的俗物，你这等着人来修理抽水马桶的天上的恶魔。','','','',4),(1702,'等一下，你们这些肮脏的白人征服者，你们用魔爪、用工具、用武器、用病菌拈污了地球。','','','',4),(1703,'坐在华丽椅子上数钱的蠢物，等着，故事还没说完。','','','',4),(1704,'这个故事结束前，让世界上最后的人类说个够吧。','','','',4),(1705,'正义必须行使到有感觉的最后一个细胞上、一定要行使。','','','',4),(1706,'每个人都必须得到公平的裁判，尤其是北美的这帮俗物们。','','','',4),(1707,' 当我休假的时间到来时、我休了三周而不是两周，我写了关于十二个小人的书。','','','',4),(1708,'我已经三年没有休假了，一直在渴望着使公司成功。','','','',4),(1709,'我一口气写下去，每天写五千字，七千字，有时候八千字。','','','',4),(1710,'我认为，一个人要当一个作家，就必须每天至少写五千字。','','','',4),(1711,'我想，他必须同时说出一切、在一本书中、然后倒下。','','','',4),(1712,'关于写作我什么也不懂。','','','',4),(1713,'但是我决心要把霍拉修·阿尔杰从北美意识中清除出去。','','','',4),(1714,'我猜想这是任何人写的书中最糟糕的一本。','','','',4),(1715,'这是一个大卷本，从头到尾都是缺陷。','','','',4),(1716,'可是这是我的第一本书，我爱上了它。','','','',4),(1717,'如果我像纪德那样有钱，我会自费将它出版的。','','','',4),(1718,'如果我有惠特曼的勇气，我会挨家挨户去兜售它。','','','',4),(1719,'每一个看到它的人都说它可怕。','','','',4),(1720,'我被力劝放弃写作的念头。','','','',4),(1721,'我不得不像巴尔扎克那样认识到，一个人必须先写出几卷书来，然后才签他自己的名字。','','','',4),(1722,'我开始写作后不久，就为了写书放弃了一切。','','','',4),(1723,'我不得不认识到，他必须除了写作什么也不干，他必须写呀，写呀，即使世界上每一个人都劝他不要写，即使没有人相信他，他也得写。','','','',4),(1724,'也许一个人写作，恰恰因为没有人相信。','','','',4),(1725,'说实在的，也许真正的秘密在于使人相信。','','','',4),(1726,'人们说一本书不适当，有缺陷、恶劣、可怕，这是再自然不过的事了。','','','',4),(1727,' 我试图在开头做一个天才人物只会在结尾才做的事。','','','',4),(1728,'我要在开头说最后的一句话。','','','',4),(1729,'这是荒唐而可悲的。','','','',4),(1730,'真是一败涂地，但是却使我坚强起来。','','','',4),(1731,'我至少懂得了失败是怎么回事。','','','',4),(1732,'懂得了试图做大事情是怎么回事。','','','',4),(1733,'今天，当我想起我写这本书时的环境，当我想起我设法赋予形式的大量素材，当我想起我当时希望包容的一切，我就忍不住感到得意。','','','',4),(1734,'我为有过像那样悲惨的失败而感到骄傲。','','','',4),(1735,'但我一旦成功，我便会成为庞然大物。','','','',4),(1736,'有时候，我翻阅我的笔记本，独自看着那些我想写的人的名字，我就晕头转向。','','','',4),(1737,'每一个人都带着一个他自己的世界来到我跟前。','','','',4),(1738,'他来了就把他的行李卸在我的定字台上。','','','',4),(1739,'他期待我拾起这个行李，把它扛在自己肩上。','','','',4),(1740,'因为我没有时间来建造一个我自己的世界','','','',4),(1741,'我不得不像阿特拉斯那样一动不动地定在那里。','','','',4),(1742,'他脚踩在大象背上，而大象又踩在乌龟的背上。','','','',4),(1743,'要打听乌龟站在什么上面，那就发疯去吧。','','','',4),(1744,' 我当时除了事实以外，什么也不敢去想。','','','',4),(1745,'要深入挖掘事实底下的东西，我就得成为一个艺术家，而一个人一夜之间是成不了艺术家的。','','','',4),(1746,'首先你必须被压倒，让你的有冲突的观点被消灭掉。','','','',4),(1747,'为了作为一个个体而再生，你必须作为人类而被消灭。','','','',4),(1748,'你必须炭化，矿物化，从自我的最起码的一般特征做起。','','','',4),(1749,'你必须超越怜悯，为的是从你的存在的根本上来感觉。','','','',4),(1750,'一个人不可能以“事实”来造就一个新天地。','','','',4),(1751,'再说，也没有这么多事实。','','','',4),(1752,'要说也只能说，人，世界上每个地方的每一个人，都在走向自己的命运这唯一的事实。','','','',4),(1753,'有些人走了远道，有些人走了捷径。','','','',4),(1754,'冥冥中每个人都以他自己的方式设定他的命运。','','','',4),(1755,'没有谁能帮助他，只能表示出仁慈、慷慨、耐心。','','','',4),(1756,' 在我的热情中，有些现在已经清楚的事情，在当时我是无法解释的。','','','',4),(1757,'例如，我想起卡纳汉，我要写的十二个小人物之一。','','','',4),(1758,'他是一个所谓模范送信人。','','','',4),(1759,'他是一所名牌大学的毕业生，有着健全的理智和模范的性格。','','','',4),(1760,'他一天工作十八至二十个小时，比任何一个送信人员挣得都多。','','','',4),(1761,'他服务的顾客们写信把他捧上了天。','','','',4),(1762,'有人向他提供好的职位，他都以这样那样的理由谢绝了。','','','',4),(1763,'他生活很节俭，把大部分工资都寄给他住在另一个城市的妻子和孩子们。','','','',4),(1764,'他有两个毛病，贪怀与一心发迹。','','','',4),(1765,'他可以一年不喝酒，但只要他喝上一滴，那就完了。','','','',4),(1766,'他两次在华尔街发了财，然而，在他来我这儿找工作以前，最多不过在某个小镇上当了个教堂司事。','','','',4),(1767,'他干这份差事被人解雇，就因为他突然喝起他的圣餐用葡萄酒，整夜敲钟不止。','','','',4),(1768,'他诚实，真挚，认真。','','','',4),(1769,'我绝对相信他，而我对他的信任，是为他没有一点瑕疵的工作档案所证实了的。','','','',4),(1770,' 然而，他却冷酷地枪击了妻儿，然后，枪击了自己。','','','',4),(1771,'幸好没有一个人死去。','','','',4),(1772,'他们都一起躺在医院里，而且都复了原。','','','',4),(1773,'在他们把他转送到监狱去以后，我去看他妻子，为的是请她来帮助他。','','','',4),(1774,' 但她断然拒绝了我。','','','',4),(1775,'她说他是世界上最卑鄙、最残酷的人，一定要判他死刑。','','','',4),(1776,'她说要看着他被绞死。','','','',4),(1777,'我恳求了她两天，可她坚如磐石。','','','',4),(1778,'我到监狱去，透过铁丝网同他谈话。','','','',4),(1779,'我发现他已经讨得监狱当局的喜欢，已被允许享受一些特权。','','','',4),(1780,'他一点儿也没有情绪低落。','','','',4),(1781,'相反，他指望尽量利用他在监狱里的时间来对推销术进行仔细研究。','','','',4),(1782,'他打算在释放后成为美国的最佳推销员。','','','',4),(1783,' 我几乎要说，他似乎很快活。','','','',4),(1784,'他说不要为他担忧，他会过得很好的。','','','',4),(1785,'他说每个人都对他好极了，他没有什么好抱怨的。','','','',4),(1786,'我有点儿茫然地离开了他。','','','',4),(1787,'我来到附近的海滩上，决定去游个泳。','','','',4),(1788,'我感觉应该用新的眼光来看待一切。','','','',4),(1789,'我几乎忘记回家了，一心专注于关于这个家伙的思考之中。','','','',4),(1790,'谁能说他不是塞翁失马，焉知非福呢？','','','',4),(1791,'也许他离开监狱后会是一个地道的福音传教土而不是一个推销员。','','','',4),(1792,'没有人能预言他会做什么。','','','',4),(1793,'没有人能帮助他。','','','',4),(1794,'因为他正在以他自己的方式决定自己的命运。','','','',4),(1795,' 还有另一个家伙，一个名叫古普塔尔的印度人。','','','',4),(1796,'他不仅仅是一个为人规规矩矩的模范、他是一位圣徒。','','','',4),(1797,'他十分爱好长笛，总是一个人在他那间可怜的小房间里吹笛。','','','',4),(1798,'有一天他被发现光着身子，脖子被切到了耳朵根，','','','',4),(1799,'在床上，他的身边放着他的长笛。','','','',4),(1800,'在葬礼上，有十几个妇女掉下了动情的眼泪，包括杀死他的那个看门人的老婆。','','','',4),(1801,'我可以写一本关于这小伙子的书，他是我遇到过的最好心、最圣洁的人，','','','',4),(1802,'他从不得罪任何人，从不从任何人那里拿任何东西。','','','',4),(1803,'但是他犯了一个基本的错误，就是到美国来传播和平与爱，关于他，我能写一整本书。','','','',4),(1804,' 还有一个戴夫·奥林斯基，又一个忠诚而勤奋的送信人，他想到的只有工作。','','','',4),(1805,'他有一个致命的弱点、他说得太多。','','','',4),(1806,'当他来找我的时候，已经环绕地球七圈了，为了谋生，没有他不干的事情。','','','',4),(1807,'很他为他的语言能力感到自豪。','','','',4),(1808,'他属于这样一种人，他们的乐善好施和热情却成了他们的祸根。','','','',4),(1809,'他要帮助每一个人，要告诉每一个人如何获得成功。','','','',4),(1810,'我们给他的工作他总嫌不够、他是一个工作狂。','','','',4),(1811,'也许，当我派他去纽约东区的营业所时，我应该警告他，他将要在一个棘手的地区工作，','','','',4),(1812,'可是他假装什么都知道，并且坚持要在那个地区工作，我就不好再说什么了。','','','',4),(1813,'我暗想、你很快就会受不了的。','','','',4),(1814,'毫无疑问，他在那里工作不久就遇到了麻烦。','','','',4),(1815,'一个犹太小伙子有一天从附近走进来，问他要一张空白表格。','','','',4),(1816,'送信人戴夫当时坐在办公桌后面，他不喜欢这小伙子要空白表格的方式，就告诉他应该礼貌些。','','','',4),(1817,'为此他挨了那青年一个大嘴巴。','','','',4),(1818,'他火了，又唠叨了几句，但就是这样才惹了麻烦。','','','',4),(1819,'接着就挨了重重的一下，打下的牙齿被他咽下肚子里，牙床骨被打断了三处。。','','','',4),(1820,'他还不吸取教训，竟跑到警察分局去投诉。','','','',4),(1821,'一星期以后，他正坐在一张长凳上打瞌睡，一帮无赖闯进来，把他打了个稀巴烂。','','','',4),(1822,' 他的头被打破，脑浆漏了出来，看上去就像一个煎蛋卷。','','','',4),(1823,'不仅如此，他们还将保险柜洗劫一空，把它来了个底朝天。','','','',4),(1824,'戴夫死在送往医院的半道上。','','','',4),(1825,'我听说他们在他袜子里找到了他藏起来的五百美元。','','','',4),(1826,'然后是克劳森和他的老婆莱娜。','','','',4),(1827,'我记得他申请工作时，是和家人一起来的。','','','',4),(1828,' 莱娜手上抱着一个小孩，他手上牵着两个。','','','',4),(1829,'是某个救济机构让他们来找我的。','','','',4),(1830,'我让他当了夜间送信人，这样他便可以有固定的薪水。','','','',4),(1831,'几天后，我收到他的一封来信，这封信有点儿不对劲，他在信中请求我原谅他擅离职守，因为他要向他的假释主管人作汇报。','','','',4),(1832,'然后他又给我来了一封信。','','','',4),(1833,'信上说他老婆拒绝同他睡觉，因为她不想再要孩子，他请我去看他们，设法说服她同他睡觉。','','','',4),(1834,'我到他家去、意大利居民区中的一间地下室，看上去就像一个疯人院。','','','',4),(1835,'莱娜又怀孕了，大约已经七个月了，她快要发疯了。','','','',4),(1836,'她喜欢睡在屋顶上，因为地下室里太热，也因为她不愿意让他再碰她。','','','',4),(1837,'我说现在碰不碰也无所谓了，她只是朝上看着我，咧开嘴笑。','','','',4),(1838,'克劳森参加过战争，也许毒气把他搞得有点儿精神失常。','','','',4),(1839,'不管怎么说，他嘴上总吐着白沫。','','','',4),(1840,'他说，如果她不离那屋顶远远的，他就打碎她的脑袋。','','','',4),(1841,'他暗示，她睡在那里是为了同住在顶楼的送煤工调情。','','','',4),(1842,'听到这话，莱娜又一次不快地咧开青蛙般的嘴笑了笑。','','','',4),(1843,'克劳森发火了，飞起一脚，踢在她屁股上。','','','',4),(1844,'她怒冲冲地跑出去，把小家伙们也带上了。','','','',4),(1845,'他让她永远别回来，然后他打开抽屉，操起一把柯尔特手枪。','','','',4),(1846,'他说，他留着这东西以防万一。','','','',4),(1847,'他还给我看几把刀子和一根他自己做的铅头棍棒。','','','',4),(1848,'他一边哭着一边说他老婆把他当傻瓜。','','','',4),(1849,'他说他为她干活感到恶心，因为她同附近的每个人睡觉。','','','',4),(1850,'那些小孩都不是他的，因为他想要小孩也要不了。','','','',4),(1851,'第二天，莱娜出去买东西，他把小孩们领到屋顶上，用那根他给我看过的棍棒，把他们的脑浆都打了出来。','','','',4),(1852,'然后他头朝下从屋顶跳下来。','','','',4),(1853,'莱娜回来，看到了发生的一切，当时就疯了。','','','',4),(1854,'他们不得不让她穿上拘束衣，叫来了救护车。','','','',4),(1855,'还有讨厌鬼舒尔迪希，他因为一项他从未犯过的罪而在监狱里蹲了二十年。','','','',4),(1856,'他差点儿被打死，所以才认了罪；然后便是单独监禁，饥饿，拷打，变态行为，毒品。','','','',4),(1857,'当他们最终释放他的时候，他已经不再是一个人类了。','','','',4),(1858,'有一天夜里他给我描述了他在监狱里的最后三十天，描述了那种释放前的痛苦等待。','','','',4),(1859,'我对这样的事闻所未闻。','','','',4),(1860,'我认为人类不可能经得住这样的痛苦而活下来。','','','',4),(1861,'他虽然取得了自由，但却被一种恐惧纠缠着，害怕他会不得不去犯罪，又被送回到监狱。','','','',4),(1862,'他抱怨他被跟踪、盯梢，一再地跟踪。','','','',4),(1863,' 他说他们正在诱惑他做他不愿意做的事情。','','','',4),(1864,'他们是一些探子，盯他的梢，被人收买来把他送回监狱去。','','','',4),(1865,'夜里趁他睡着的时候，他们在他耳朵边轻轻低语。','','','',4),(1866,'他无力反抗他们，因为他们先已对他施了催眠术。','','','',4),(1867,'有时候，他们把毒品放在他的枕头底下。','','','',4),(1868,'有时还同时放上一把左轮手枪或刀子。','','','',4),(1869,'他们想让他杀死某个无辜的人，然后他们就可以有确凿的证据来起诉他。','','','',4),(1870,'有一天夜里，他口袋里装着一大把电报，四处奔走了几个小时之后，来到一个警察跟前，请求把他关起来。','','','',4),(1871,'他记不清自己的姓名、地址，也记不起他在为哪一家营业所工作。','','','',4),(1872,'他完全忘记了自己的身份。','','','',4),(1873,'他只是像说梦话一般不断重复着。','','','',4),(1874,'我没做任何亏心事。','','','',4),(1875,'他们又一次严酷的拷问他。','','','',4),(1876,'突然他蹦起来，像疯子一般喊叫、我坦白。','','','',4),(1877,'然后他就接着就滔滔不绝地讲起一桩又一桩罪行。','','','',4),(1878,'突然，在令人痛苦的交代中，他一下子停住。我','','','',4),(1879,'迅速地环顾一下四周，就像一个人突然醒过来一样，','','','',4),(1880,'然后，用只有疯子才能有的凶猛劲头，一下子窜到房间另一头，将自己的脑袋撞在石墙上。','','','',4),(1881,'我简要地、仓促地叙述这些事情，因为它们从我脑海里闪过；','','','',4),(1882,'的记忆中充满着成千上万个这样的细节，有无数张脸，无数个姿势，无数个故多，无数次坦白交代，都交错叠合在一起，就像某个不是用石头而是用人的肉体建起的印度寺庙，它的巨大外观在交错着。','','','',4),(1883,'这是一座梦中的巨大建筑，不是由石头建造的，完全是由人类肉体体验所得来的，全部由现实建造的。','','','',4),(1884,'然而又不是现实本身，而只是人类之谜被包容其中的一种容器。','','','',4),(1885,'我的思绪又转到了诊所，我无知而又好心地把一些年轻的人送到那里去接受治疗。','','','',4),(1886,'我想不起用任何富有灵感的形象来比喻这个地方的气氛，只能用希洛尼姆斯·博斯的一幅油画来说明，画中描绘的魔术师，像牙医抽神经那样，在医治着神经错乱。','','','',4),(1887,'我们的开业医生所有的那些骗人玩艺儿都在那位温和的虐待狂身上神化了，他依据法律上的充分有效性和法律的默许管理着这家诊所。','','','',4),(1888,' 他很像卡里加利，只是他没有那顶圆锥形帽子。','','','',4),(1889,'他自以为懂得腺的神秘调节机制，自以为拥有中世纪君主般的权力，却忘记了他加于别人的痛苦。','','','',4),(1890,'除了他的医疗知识外，他装的一无所知。','','','',4),(1891,'他着手于人体的工作，就像一个管子工着手于地下排水管的工作一般。','','','',4),(1892,'除了他抛入人体内的毒药外，他往往诉诸于他的拳脚。','','','',4),(1893,'因此，一切都取决于“反应”。','','','',4),(1894,'如果病人木呆呆的，他就冲他大喊大叫，扇他的脸，掐他的胳膊，将他铐起来，踢他。','','','',4),(1895,'如果相反，病人精力太旺盛，他还是用同样的方法，只是变得加倍狂热。','','','',4),(1896,'他的病人有什么感觉，对他无关紧要。','','','',4),(1897,'他成功地获得的任何反应，都只是调节内分泌腺作用的法则的表现或例证。','','','',4),(1898,'他的治疗目的是使病人适应社会。','','','',4),(1899,'但是无论他工作有多快，无论他是否成功，社会却正在造就着越来越多不适应环境的人。','','','',4),(1900,'其中有些患者十分不适应，以至于当他使劲打他们嘴巴，以便获得大家都知道的反应时，他们作出的反应是来个海底捞月或朝下三路飞去一脚。','','','',4),(1901,'的确，他的大多数病人诚如他所描述的，是早期罪犯。','','','',4),(1902,'整个大陆崩塌了、现在仍在崩塌。','','','',4),(1903,'不仅腺需要调节，而且滚珠轴承、防护器官、骨骼结构、大脑、小脑、尾骨、喉、胰、肝、大肠、小肠、心脏、肾、睾丸、子宫、输卵管，所有该死的部件都需要调节。','','','',4),(1904,'整个国家无法无天，暴力、险恶、恶魔。','','','',4),(1905,'它弥漫在空中，气候中，一望无垠的风景中，横卧着的石林中，侵蚀着岩石峡谷的泛滥河水中，十分遥远的距离中，非常干旱的荒漠中，过于茂盛的庄稼中，硕大的水果中，唐吉诃德式气质的混合物中，乱七八糟的迷信、宗派、信仰中，法律、语言的对立中，气质、原则、需求、规格的矛盾中。','','','',4),(1906,'这个大陆充满着被掩埋的暴力，大洪水以前的怪兽尸骸，绝种的人种，被裹在厄运中的神秘。','','','',4),(1907,'气氛有时候十分紧张，以致于灵魂出窍，像疯了一样。','','','',4),(1908,'有如雨水一般，一切都倾盆而至——要不就根本不来。 ','','','',4),(1909,'整个大陆是一座巨大的火山，火山口暂时被活动画景所掩盖，这活动画景一部分是梦幻，一部分是恐惧，一部分是绝望。','','','',4),(1910,'从阿拉斯加到尤卡坦都是一回事。','','','',4),(1911,'本性支配一切，本性战胜一切。 ','','','',4),(1912,'到处都是同一个基本冲动，要杀戮，要蹂躏，要掠夺。','','','',4),(1913,'从外表看，他们似乎是优秀强健的种族——健康、乐观、勇敢，可他们已败絮其中。','','','',4),(1914,'只要有个小火花，他们就爆炸。','','','',4),(1915,'就像经常在俄国发生的那样，一个人怒气冲冲地跑来','','','',4),(1916,'他们突然好像被季风吹了一下清醒过来。','','','',4),(1917,'十有八九，他是一个好人，一个人人喜爱的人。','','','',4),(1918,'但是一旦发起火来，就什么也阻挡不了他。','','','',4),(1919,'他就像一匹有蹒跚病的马，','','','',4),(1920,'你能为他做的最好的事情，便是当场将他射杀。','','','',4),(1921,'只有满嘴和平的人，才喜欢干这个。','','','',4),(1922,'突然就控制不住的发疯。','','','',4),(1923,'在美国，每天都有很多人发疯。','','','',4),(1924,'他们需要的是发泄过剩的精力和嗜血的欲望','','','',4),(1925,'欧洲定期通过战争来放血。','','','',4),(1926,'美国则既是和平主义的，又是有吃人习性的。','','','',4),(1927,'外表上它似乎是一个漂亮的蜜蜂窝，所有的雄蜂都忙忙碌碌地在相互的身子上爬过来爬过去','','','',4),(1928,'从内部看，它是一个精神病院，每一个人都在杀死他的邻居，并吮吸他的骨髓。','','','',4),(1929,'表面上看，它像一个粗线条的男性世界。','','','',4),(1930,'实际上它是女人经营的一个妓院，本地人拉皮条，凶恶的外国人出卖他们的肉体。','','','',4),(1931,'大家都只愿意心满意足的坐在那里。','','','',4),(1932,'这只有在电影里才有，那里面一切都是仿造的，连地狱之火也是假的。','','','',4),(1933,'整个大陆睡死了，在这睡眠中，一场大恶梦正在发生。 ','','','',4),(1934,'没有人会比我在这恶梦中睡得更死。','','','',4),(1935,'战争到来的时候，只是在我耳朵里灌入了模模糊糊的隆隆声。','','','',4),(1936,'像我的同胞一样，我是和平主义的，又是吃人肉的。','','','',4),(1937,'成百上千万人在屠杀中惨遭杀戮，就像过眼烟云般消失了，很像阿兹台克人、印加人、红种印第安人、野牛等的消失。','','','',4),(1938,'人们假装被深深感动了，但是他们没有。','','','',4),(1939,'他们只不过在睡梦中一阵一阵地翻来覆去。','','','',4),(1940,'没有人倒胃口，没有人爬起来，按响警铃。','','','',4),(1941,'我第一次认识到曾有过战争的那一天，大约是在停战六个月以后，在第十四街一趟横穿城市的市内有轨电车上。','','','',4),(1942,'我们的英雄之一，一个德克萨斯小伙，胸前佩着一排奖章，碰巧看见一个军官在人行道上走过，一看到这个军官他便怒发冲冠。','','','',4),(1943,'他本人是中士，也许他完全有理由感到刺痛。','','','',4),(1944,'不管怎么说，他一看到这军官，便怒不可遏，从座位上蹦起来，大声叫骂，政府、军队、老百姓、车上的乘客，一切的一切，都让他骂得屁滚尿流。','','','',4),(1945,'就算再有战争，我才不会和那些二十多岁的傻子们一起被送上战场呢。','','','',4),(1946,'他说如果再有一场战争，就算把所有的坏蛋都杀光，他也不去。','','','',4),(1947,'他说我才不在乎这些奖章哩，为了表白他的这个意思，他把奖章都扯下来，扔出车窗外。','','','',4),(1948,'他说，如果他再和一个军官呆在一条战壕里，他就会朝他背上开枪，就像开枪打一条脏狗一样。','','','',4),(1949,'他说就是潘兴将军来了也一样，任何将军都一样。','','','',4),(1950,'他还说了许多，使用了一些特别难听的骂人话，车上竟没有一个人开口来反驳他。','','','',4),(1951,'他骂完的时候，我第一次感到，真的曾经有过一场战争，我听他说话的那个人曾参加这场战争，尽管他很勇敢，但战争却把他变成了一个懦夫。 ','','','',4),(1952,'如果他再杀人的话，他将是完全清醒的，完全冷血的。','','','',4),(1953,'而且，也没有人有勇气能将他送上电椅。','','','',4),(1954,'那是因为，他否认他自己的神圣本能而对同类行使了职责。','','','',4),(1955,'而且，一种罪过以上帝、国家、人道的名义洗刷了另一种罪过，因而一切都是正义的、公平的。','','','',4),(1956,'我第二次体验到战争的现实，是有一天，前中士格里斯沃尔德，我们的夜间送信人之一，勃然大怒，把一个火车站附近的营业所砸个稀巴烂。','','','',4),(1957,'他们把他送到我这儿来，让我解雇他，但我不忍心这样做。','','','',4),(1958,'他的破坏干得漂亮，我更想紧紧拥抱他，握住他的手感谢他。','','','',4),(1959,'我只希望，愿基督保佑他能上到二十五层楼去，或者不管哪里，只要是总裁和副总裁的办公室所在地，把那该死的一帮统统干掉','','','',4),(1960,'但是以纪律的名义，也为了要把这该死的滑稽戏维持下去，我必须惩罚他。','','','',4),(1961,'要不然我就得为此受到惩罚。','','','',4),(1962,'因此，我也不知道如何来把大事化小，就取消了他的佣金收入，让他仍然靠薪水收入。','','','',4),(1963,'他完全误解了我的意思，不知道我是他的战友，于是他就恨上我了，很快来了一封信。','','','',4),(1964,'我准备一两天内来拜访你，叫你受点皮肉之苦，最好当心些。','','','',4),(1965,'我下了班就过去，如果害怕，最好雇几个彪形大汉当保镖。','','','',4),(1966,'我知道他不是一个说话不算的人，所以当我把信放下的时候，我感到很有点儿发抖。','','','',4),(1967,'可是，如果要是请求他保护的话，就显得我更胆小了，所以我还是一个人恭候他，。','','','',4),(1968,'这是一种奇怪的经验。','','','',4),(1969,'在他定睛看我的那一刻，他一定也明白，如果我像他在信中称呼我的那样，是一个坏蛋，一个骗人的臭伪君子，那也只是因为他也好不到哪儿去的缘故。','','','',4),(1970,'他肯定认识到，我们是同舟共济，而这条船却已经撑不住了。','','','',4),(1971,'表面上仍然怒气冲天，仍然嘴角吐着白沫，','','','',4),(1972,'但内心里．一切都已枯竭，一切都软绵绵、轻飘飘了。','','','',4),(1973,'当他大步走过来时，我突然就察觉到了。','','','',4),(1974,'至于我自己，在我看见他进来的那一刻，我所怀的任何恐惧都消失了。','','','',4),(1975,'独自一个人平静地呆在那里，不够强壮，不能保护自己，但这却已足够使我胜过他。','','','',4),(1976,'倒不是我要胜过他，但结果就是那样，我当然也利用了这一点。','','','',4),(1977,'他刚一坐下，就变得像腻子一样软了。','','','',4),(1978,'他根本都不是成年男子，只是一个大孩子。','','','',4),(1979,'端着机关枪，他们可以眼睛都不眨一下地把整团整团的人消灭掉。','','','',4),(1980,'可是回到做工的战壕里，没有武器，没有明确的、有形的敌人，他们便像蚂蚁一般无用的大孩子们，在战场一定还有几百万。','','','',4),(1981,'一切都围绕着吃的问题。','','','',4),(1982,'食物和房租、这就是要为之战斗的一切','','','',4),(1983,'然而却没有办法，没有明确的、有形的办法，去为之战斗。','','','',4),(1984,'一支装备精良的军队，能够战胜它所见到的一切。','','','',4),(1985,'因为要执行的战略任务，却丧失地盘，丧失武器，丧失弹药，丧失食品，丧失睡眠，丧失勇气，最终丧失生命本身。','','','',4),(1986,'虽然心知肚明，但每天都被命令着退却，退却，退却。','','','',4),(1987,'无论哪里有人在为食物和房租而战，哪里就有这样的退却在进行，在雾中，在夜间。','','','',4),(1988,'仅仅是出于战略考虑而退却。','','','',4),(1989,'他心力交瘁。','','','',4),(1990,'战斗很容易，但是为食物和租金而战，就像同一支鬼魂部队作战。','','','',4),(1991,'他慌作一团，不知所措，绝望得一塌糊涂，竟在我桌上抱头痛哭起来。','','','',4),(1992,'就在他这样痛哭的时候，电话铃突然响了。','','','',4),(1993,'是副总裁办公室打来的，从来不是副总裁本人。','','','',4),(1994,'而总是他的办公室打来的电话，他们让把这个叫格里斯沃尔德的人马上开除掉。','','','',4),(1995,'我说，是，知道了，就挂掉了电话。','','','',4),(1996,'我什么也没跟格里斯沃尔德说，只是把他送回家，同他和他老婆小孩子一起吃了顿饭。','','','',4),(1997,'不管怎么说，我首先要知道，命令是从哪里来的，为什么。','','','',4),(1998,'早晨我激动地、怒冲冲地直奔副总裁办公室，我要求见副总裁本人，','','','',4),(1999,'是你发布的命令吗，我问，为什么要解雇他，我问道。','','','',4),(2000,'然后我回到疯人院，像往常一样做我的工作。','','','',4),(2001,'当然，我料想我在这一天内会被炒鱿鱼。','','','',4),(2002,'我猜想他们是仍在调查这件事，','','','',4),(2003,'因为格里斯沃尔德仍像往常一样继续工作着，事实上，他们甚至把他提升去做营业员。','','','',4),(2004,'因为他当营业员要比当送信人钱挣得少。','','','',4),(2005,'不过，他算保全了面子，但无疑也更多地丧失了一点儿生气。','','','',4),(2006,'但是这只是一个昏睡者偶然的成功罢了。','','','',4),(2007,'完全都是一回事，从头到尾都是一出阴谋诡计，一场恶毒的滑稽戏。','','','',4),(2008,'我知道我是在睡梦中，因为我已经醒来。','','','',4),(2009,'当我醒来时，我就离开。','','','',4),(2010,'我从我进来的那扇门走出去，甚至没有说请原谅。','','','',4),(2011,'事情都是瞬间发生的，但是首先有一个漫长的过程要经历。','','','',4),(2012,'当事情发生的时候，你见到的只是爆炸，而一秒钟前你见到的是火花。','','','',4),(2013,'然而一切都是按照法则发生的，有着整个宇宙的充分肯定与合作而发生的。','','','',4),(2014,'在我能够爬上去、发生爆炸以前，这枚炸弹必须适当加以准备，妥当地安好导火索。','','','',4),(2015,'如果我晚上回家，想休息，有人就会在那里等着见我。','','','',4),(2016,'有时侯他们一帮人呆在那里，好像我来不来都没什么区别。','','','',4),(2017,'我交的朋友，都是这一伙瞧不起那一伙。','','','',4),(2018,'例如斯坦利，他就瞧不起所有的人。','','','',4),(2019,'他离开美国，在欧洲呆了几年以后刚回来。','','','',4),(2020,'我们自从童年时代以来就不常见面，然后有一天，完全是碰巧，我们在街上遇到了。','','','',4),(2021,'他的眼睛似乎在一直说，这没有价值，没有任何价值，','','','',4),(2022,'但是他没有那样说，却一遍又一遍说着。','','','',4),(2023,'我想追上去抓住他，但却没能成功。','','','',4),(2024,'我想从他那里再把话从头到尾详详细细地听一遍。','','','',4),(2025,'那次街上偶然相遇的结果是，我们此后有好几个月的时间经常见面。','','','',4),(2026,'他常常在晚饭后来看我，我们就一块儿漫步穿过附近的公园。','','','',4),(2027,'关于那另一个世界的每一个最细微的细节都使我着迷。','','','',4),(2028,'有时候，在雨后，坐着出租汽车迅速穿过城市，他所描述的巴黎从我眼幕中飞驰而过。','','','',4),(2029,'这是他有时候使用的用语，在他为无法更恰当地表达自己而感到羞愧的时候。','','','',4),(2030,'同这关于另一个世界的谈话交织的是劳伦斯作品的主体结构。','','','',4),(2031,'经常在公园里早已空无游人的时候，我们仍然坐在长凳上讨论劳伦斯思想的性质。','','','',4),(2032,'现在来回顾这些讨论，我能发现我当初是如何糊涂，如何对劳伦斯的话的真正含义无知得十分可怜。 ','','','',4),(2033,'假如我真的理解了，我的生活道路就有可能改变。','','','',4),(2034,'我们中间大多数人过的大部分生活都是被淹没的。','','','',4),(2035,'当然，我自己的情况，我可以说，直到我离开美国，我都没有冒出水面。','','','',4),(2036,'也许美国与此无关，然而事实始终是，在我到达巴黎以前，我没有睁大眼睛看清楚。','','','',4),(2037,'也许这只是因为我抛弃了美国，抛弃了我的过去。 ','','','',4),(2038,'我的朋友克伦斯基经常挖苦我的陶醉。','','','',4),(2039,'这样说似乎很怪，但我从来不是我自己。','','','',4),(2040,'奥巴马重申对日安全承诺　安倍拒绝就历史问题道歉','','','',4),(2041,'    美国总统奥巴马２８日在白宫与来访的日本首相安倍晋三举行会谈后重申对日本的安全承诺，安倍则拒绝就侵略历史和“慰安妇”问题道歉。','','','',4),(2042,'    奥巴马在会谈后与安倍举行的联合新闻发布会上称，美国对日本的安全承诺是“绝对的”。他重申了去年４月访日期间表达的立场，即《美日安保条约》第五条适用于包括钓鱼岛在内所有日本施政范围。','','','',4),(2043,'    奥巴马还说，他认为强有力的美日同盟不应被视为“挑衅”，美国欢迎中国“和平崛起”，原因在于中国不仅是一个快速发展的潜在市场，而且崛起后能够分担一些向其他国家提供援助的负担。','','','',4),(2044,'    美日两国２７日在纽约联合发布新版《美日防卫合作指针》，允许日本武装力量在全球扮演更具进攻性的角色，把美日军事同盟覆盖面从日本周边为主辐射到了全球。','','','',4),(2045,'    奥巴马称，新版《美日防卫合作指针》有助于美国调整在亚太地区的军力部署。','','','',4),(2046,'    安倍在回答媒体记者有关他是否会就侵略历史和“慰安妇”问题道歉的提问时则老调重弹，即这一问题令他“极度痛苦”，他将维持时任日本内阁官房长官河野洋平１９９３年就此问题发表的谈话。','','','',4),(2047,'    今年是二战结束和日本战败投降７０周年。安倍及其政府一方面谋求解禁集体自卫权，一方面不愿正视历史，粉饰日本侵略暴行，在国内外引发忧虑和抗议。','','','',4),(2048,'    美国皮尤研究中心本月公布的民调结果显示，美国人对日本在军事上发挥更大作用心存疑虑；６８％的日本人则认为，鉴于历史原因，日本应当对自身军事作用加以限制。','','','',4);
/*!40000 ALTER TABLE `ch_ori` ENABLE KEYS */;
UNLOCK TABLES;

--
-- Table structure for table `ch_trans`
--

DROP TABLE IF EXISTS `ch_trans`;
/*!40101 SET @saved_cs_client     = @@character_set_client */;
/*!40101 SET character_set_client = utf8 */;
CREATE TABLE `ch_trans` (
  `ct_id` int(11) NOT NULL auto_increment,
  `ct_text` text NOT NULL,
  `ct_translator` varchar(255) default NULL,
  `ct_publisher` varchar(255) default NULL,
  `ct_pub_date` varchar(255) default NULL,
  `jp_num` int(11) NOT NULL,
  PRIMARY KEY  (`ct_id`),
  KEY `ct_fk` (`jp_num`),
  CONSTRAINT `ct_fk` FOREIGN KEY (`jp_num`) REFERENCES `jp_ori` (`jp_id`) ON UPDATE CASCADE
) ENGINE=InnoDB AUTO_INCREMENT=1727 DEFAULT CHARSET=utf8;
/*!40101 SET character_set_client = @saved_cs_client */;

--
-- Dumping data for table `ch_trans`
--

LOCK TABLES `ch_trans` WRITE;
/*!40000 ALTER TABLE `ch_trans` DISABLE KEYS */;
INSERT INTO `ch_trans` VALUES (1303,'一直以来，我过着羞耻的生活。','','','',1301),(1304,'觉得自己就像白羊群中那只最不协调的黑羊。','','','',1302),(1305,'无法跟同伴们一起感到喜悦，一起感受悲伤，吃相同的食物。','','','',1303),(1306,'同伴们内心的感动、爱情、温柔、体贴等等情意都无法理解的悲惨黑羊能做的事，就是对着身上的黑色毛皮撒上白粉，假装自己也是一只白羊。','','','',1304),(1307,'所以，现在的我依旧戴着面具，继续扮演小丑这角色。','','','',1305),(1308,'我才刚升上高二，就提什么「一直以来」的，未免太夸张了。不过十四风的我所经历过的事真是惊天动地。','','','',1306),(1309,'就像惊涛骇浪般，搞得我天翻地覆，才短短一年的时间，竟让我觉得自己的人生好像就此结束了。','','','',1307),(1310,'因为那一年里，我以谜样的天才美少女作家身分红遍全日本，备受瞩目。','','','',1308),(1311,'事情是发生在我国三那年的春天。','','','',1309),(1312,'那年我十四岁，但马上就要迎接十五岁了，是个非常平凡的国中生。','','','',1310),(1313,'有朋友，也有喜欢的女生，日子过得很有趣。','','','',1311),(1314,'像是吃错了药一样，我拿生平写的第一本小说投稿参加文艺杂志的新人奖比赛，没想到竟然以最年轻的小说家身份获得大奖。','','','',1312),(1315,'故事内容是位女孩以第一人称讲述故事，而且又用了女孩姓名为笔名。','','','',1313),(1316,'真实的笔触与细腻的感性铺陈，让每位评审赞不绝口。','','','',1314),(1317,'被这样大肆宣传真的觉得很丢脸。','','','',1315),(1318,'少女作家比较受欢迎，还是以戴着面具的谜样美少女身分推出吧。','','','',1316),(1319,'既然戴着面具，怎会知道是美少女。','','','',1317),(1320,'在编辑部人员的强力劝说下只好心不甘情不愿地让得奖作品出版，最后竟然成为畅销书。','','','',1318),(1321,'销售量很快就突破一百万本。','','','',1319),(1322,'之后还改编成电影、连续剧，甚至是漫画，成为热门的社会现象。','','','',1320),(1323,'我吓呆了。家人也觉得茫然。','','','',1321),(1324,'什么，我们家的孩子他只不过是个平凡的乖小孩啊。','','','',1322),(1325,'什么、版税有两亿日圆！哇噻、是爸爸年收入的二十倍。','','','',1323),(1326,'搭电车时，可以看到以超大字体印着书名的广告看板挂在车内','','','',1324),(1327,'一走进书店，就看到附着美丽书腰的作品被摆在收银机前，堆积得像坚固的要塞一样。','','','',1325),(1328,'这本书的作者美羽还是个国中生呢、是个怎样的女孩呢。','','','',1326),(1329,'听说是贵族的后代，是位千金大小姐。','','','',1327),(1330,'所以才不肯公开真面目、一定是从小就在百般呵护中长大，从没拿过比笔还重的东西吧！','','','',1328),(1331,'总之『文学少女』这个名词给人的感觉就是、她一定是位清纯美少女。','','','',1329),(1332,'每当听到这些话语，就会觉得羞愧万分，羞到连呼吸都要停止了。','','','',1330),(1333,'对不起，请饶了我吧！那只是我一时突发奇想罢了。','','','',1331),(1334,'根本不是什么文学之类了不起的东西。','','','',1332),(1335,'那是我上课时在笔记本上乱写的东西，结果却阴错阳差得了奖，真的非常过意不去。','','','',1333),(1336,'什么细腻的感性铺陈，根本是胡说八道。','','','',1334),(1337,'那不过是个乳臭未干的小男孩无聊时的喃喃自语。','','','',1335),(1338,'这一切都是评审老师们的巧心安排罢了。','','','',1336),(1339,'如果让一位十四岁的女孩获得文学奖，一定很有趣吧。','','','',1337),(1340,'这么一来就可以制造话题，也可以刺激景气低迷的出版业吧。','','','',1338),(1341,'书籍畅销，出版社也会很高兴的，不过就是这样的思维罢了。','','','',1339),(1342,'我根本就没什么才华，请大家饶了我吧，求求您们。','','','',1340),(1343,'我怀着想在全国各地低头认错的心情，最后还发生这样的事。','','','',1341),(1344,'因为压力过大导致患上气喘，在学校昏倒被送进医院','','','',1342),(1345,'不顾颜面地啜泣哭喊“再也无法写小说了”，后来还拒绝上学，让爸爸、妈妈和妹妹都很担心。','','','',1343),(1346,'那真是羞耻的一年。','','','',1344),(1347,'因此，戴着面具的谜样天才美少女作家井上美羽只写了一本书，就从此销声匿迹。','','','',1345),(1348,'我就跟一般的国中生一样，接受高中联考，顺利成为高中生，也因为这样让我认识了真正的文学少女。','','','',1346),(1349,'可是，为什么我会再度拾笔写作呢。','','','',1347),(1350,'因为那一天，在闪闪发亮的白色木莲花下，我邂逅了远子学姐。','','','',1348),(1351,'葛里克的小说充满冬天的气息。','','','',1349),(1352,'就像新雪在舌头上悄悄融化般，那股冰凉与虚幻交错的感觉，将心灵洗涤地澄澈清净，那样的美，又带着一股感伤。','','','',1350),(1353,'远子学姐翻阅波尔葛里克的短篇集，发出叹息声。','','','',1351),(1354,'我们所属的圣条学园文艺社就位于四楼校舍的三楼西侧角落。','','','',1352),(1355,'每当太阳下山，夕阳就会照射进来，整个教室就像流入了蜂蜜似地，被染成一片金黄。','','','',1353),(1356,'原本当成置物箱使用的厚纸箱被摆在墙角，堆得很高，正中央有张老旧的榉木桌。','','','',1354),(1357,'另外还有两个铁制书架和一个柜子。','','','',1355),(1358,'这些地方都已摆满书籍，其它放不下的旧书还随处堆叠在每个角落。','','','',1356),(1359,'如果发生地震，用书堆成的塔楼一定会倒，然后把我们埋在书堆里，最后窒息而死吧。','','','',1357),(1360,'在充满旧书与尘埃气味的狭窄教室里，远子学姐屈膝坐在椅子上。','','','',1358),(1361,'百褶裙里的春光好像就要外泄，但又看不清楚，不过只要她的双脚一动，好像就会完全曝光，那样的姿势确实不雅。','','','',1359),(1362,'学姐将白皙的脸颊靠在屈起的膝盖上，双手抱膝，用她纤细的手指小心翼翼地翻页。','','','',1360),(1363,'乌黑的刘海披垂在雪白额头上，长长的发辫从肩膀垂落到腰间。','','','',1361),(1364,'因为肌肤非常白皙，使头发、睫毛和瞳孔更显黑亮。','','','',1362),(1365,'远子学姐不说话的时候，感觉非常优雅，美得像洋娃娃。','','','',1363),(1366,'人们的心往往激动不已，也往往在痛苦中得到安慰，这是实例而不是言辞的作用。','','','',1364),(1367,'所以接着上次会面时安慰您的话，我现在有意于写一写从我不幸中产生的一些痛苦，再给您一些安慰。','','','',1365),(1368,'我这样做为的是让你通过比较你我的痛苦而发现，你的痛苦算不得一回事，至多不过小事一桩，从而使你更容易承受你痛苦的压力。','','','',1366),(1369,'人死原本万事空，一切混乱便就此了结。','','','',1367),(1370,'人生伊始，就除了混乱还是混乱：一种液体围绕着我，经我嘴而被吸入体内。','','','',1368),(1371,'在我下面，不断有黯淡的月光照射，那里风平浪静，生气盎然；在此之上却是嘈杂与不和谐。','','','',1369),(1372,'在一切事物中，我都迅速地看到其相反的一面，看到矛盾，看到真实与非真实之间的反讽，看到悖论。','','','',1370),(1373,'我才是我自己最坏的敌人。','','','',1371),(1374,'没有什么事情是我想做的，或者说想做又全都不能做。','','','',1372),(1375,'甚至当我还是个孩子，什么也不缺的时候，我就想死：我要放弃，因为我看到斗争是没有意义的。','','','',1373),(1376,'我感到，使一种我并不要求的存在继续下去，这证明不了什么，实现不了什么，增加不了什么，也减少不了什么。','','','',1374),(1377,'我周围的每一个人都是失败者，即使不是失败者，也都滑稽可笑。','','','',1375),(1378,'尤其是那些成功者，令我厌烦不已。','','','',1376),(1379,'我对缺点抱同情态度，但使我如此的却不是同情心。','','','',1377),(1380,'这完全是一种否定的品质，一种一看到人类的不幸便膨胀的弱点。','','','',1378),(1381,'我助人时并不指望对人有任何好处。','','','',1379),(1382,'我助人是因为我不这样做便不能自助。','','','',1380),(1383,'要改变事情的状况，对我来说是无用的。','','','',1381),(1384,'我相信，除非是内心的改变，不然便什么也改变不了，','','','',1382),(1385,'而谁又能改变人的内心呢。','','','',1383),(1386,'时常有一个朋友改变宗教，这真令我作呕。','','','',1384),(1387,'上帝不需要我，我也不需要上帝。','','','',1385),(1388,'我常对自己说，如果有一个上帝的话，我要镇静自若地去见他，啐他的脸。','','','',1386),(1389,' 最令人恼火的是，初次见面时，人们往往认为我善良、仁慈、慷慨、忠实可靠。','','','',1387),(1390,'或许我真的具有这些德行，但即使如此，也是因为我什么都不在乎。','','','',1388),(1391,'我称得起善良、仁慈、慷慨、忠实等等，是因为我没有妒忌心。','','','',1389),(1392,'我唯独从未充当妒忌的牺牲品。','','','',1390),(1393,'我从不妒忌任何人，任何事。','','','',1391),(1394,'相反，我对每一个人、每一件事经常感到同情。','','','',1392),(1395,'从一开始起，我就肯定是把自己训练得不去过分地需求任何东西。','','','',1393),(1396,'从一开始起，我就是独立的。','','','',1394),(1397,'我不需要任何人，因为我要自由，要随兴之所至自由地作为，自由地给予。','','','',1395),(1398,'一旦有什么事期待于我或有求于我，我就退避三舍。','','','',1396),(1399,'我的独立便是采取这样的形式。','','','',1397),(1400,'换句话说，我是腐败的，从一开始就是腐败的。','','','',1398),(1401,'好像母亲喂给我的是一种毒药。','','','',1399),(1402,'虽然我早就断奶，但毒药从未离开过我的身体。','','','',1400),(1403,'甚至当她给我断奶时，我也好像是毫不在乎的；','','','',1401),(1404,'大多数孩子要造反，或做出造反的样子，但我却根本不在乎。','','','',1402),(1405,'尚在襁褓中，我便是一位哲学家。','','','',1403),(1406,'我为了贯彻原则反抗生命。','','','',1404),(1407,'是什么原则呢，无用的原则。','','','',1405),(1408,'我周围的每个人都在争取。','','','',1406),(1409,'我自己却丝毫不努力。','','','',1407),(1410,'如果我表面上做出些努力，那也只是要取悦于某个他人，实质上我什么也没做。','','','',1408),(1411,'假如你指使我干这干那，我根本不会听，因为我天生有一些别扭的倾向，这是无法消除的。','','','',1409),(1412,'后来我长大了，听说他们让我从子宫里钻出来的时候遇到了不小的麻烦。','','','',1410),(1413,'对此我十分理解，为何要动弹呢。','','','',1411),(1414,'为何要离开一个暖洋洋的好所在、在这个舒适的福地一切都是免费向你提供的。','','','',1412),(1415,'我最早的记忆就是关于寒冷，关于沟里的冰雪，窗玻璃上的冻霜，以及厨房湿漉漉绿墙上的寒气。','','','',1413),(1416,'人们误称为温带的地方，为什么人们要生活在那里的怪气候中呢。','','','',1414),(1417,'因为人们天然就是白痴，天然就是懒鬼，天然就是懦夫。','','','',1415),(1418,'直到十岁左右，我都从不知道有暖和的国家，','','','',1416),(1419,'有你不必为生计忧虑的地方，在那里你不必哆哆嗦嗦却又假装着精神振奋。','','','',1417),(1420,'在有寒冷的地方，就有拼命操劳的人们。当他们繁衍后代的时候，他们就向年轻人宣讲关于劳作的福音。','','','',1418),(1421,'实际上，这什么也不是，只是关于惰性的教条。','','','',1419),(1422,'我的民族是地地道道的北欧日耳曼人，也就是说，是白痴。','','','',1420),(1423,'每一种曾被说明过的错误想法都是他们的。','','','',1421),(1424,'他们喋喋不休地讲究正义，还说什么清洁。','','','',1422),(1425,'他们清洁至极。','','','',1423),(1426,'但骨子里却散发着臭气。','','','',1424),(1427,'他们从不开启通向心灵的门户；从未梦想过盲目地跃入黑暗中。','','','',1425),(1428,'饭吃完后，盘子被迅速洗干净，放入碗橱；报纸读完后，被整整齐齐叠好，放到一边的一个架子上；衣服洗完后，被熨好、叠好，塞进抽屉里。','','','',1426),(1429,'一切都为了明天，但明天从不到来。','','','',1427),(1430,'现在只是一座桥梁，在这座桥上，他们仍在呻吟，如同世界的呻吟一般。','','','',1428),(1431,'然而没有一个白痴想到过要炸掉这座桥。','','','',1429),(1432,'我经常苦苦地搜寻谴责他们、更谴责我自己的理由。','','','',1430),(1433,'因为我在许多方面也像他们一样。','','','',1431),(1434,'有很长一段时间，我认为我已经解脱，但随着时间的推移，我明白我一无长进，甚至还更糟了一点儿。','','','',1432),(1435,'因为我比他们看得更清楚，然而却始终无力改变我的生活。\n','','','',1433),(1436,'回顾我的一生，我似乎觉得我从未按我自己的意志行事，总是处于他人的压力之下。','','','',1434),(1437,'人们常把我看作一个爱冒险的家伙，这真是太离谱了。','','','',1435),(1438,'我的冒险经常是偶发性的，由外力产生的。','','','',1436),(1439,'不是自己想要的却落到我头上，不得已而为之。','','','',1437),(1440,'我有着傲慢而洋洋自得的日耳曼人的真正秉性，他们从没有丝毫的冒险意识，但是却踏遍大地，将世界翻了个个，到处留下了遗迹与废墟。','','','',1438),(1441,'不安的灵魂，但不是爱冒险的灵魂。','','','',1439),(1442,'这些灵魂痛苦地挣扎，不能在现在之中生活。','','','',1440),(1443,'他们都是可耻的懦夫，包括我自己在内。','','','',1441),(1444,'唯一伟大的冒险是内向的，向着自我，对此，无论时间、空间，甚或行为，都是无关紧要的。','','','',1442),(1445,'每隔几年，我都会有一次处于做出这种发现的边缘，但是我总是以特有的方式，设法避开了这问题。','','','',1443),(1446,'如果我试着想起一个好的借口，我便只能想到环境，想到我所知道的街道和住在这些街上的人。','','','',1444),(1447,'我想不起美国的哪条街道，或者住在这样一条街上的哪个人，能引导一个人走向对自我的发现。','','','',1445),(1448,'我在全世界许多国家的街上走过，没有一处使我像在美国那样感到堕落与卑下。','','','',1446),(1449,'我想，美国的所有街道都合起来形成了一个巨大的藏污纳垢之地。','','','',1447),(1450,'一个精神的污水池，在其中，一切都被吮毕排尽，只剩下一堆永久的臭屎巴巴。','','','',1448),(1451,'在这个污水池之上，劳作的精灵挥舞着魔杖；宫殿与工厂鳞次栉比地涌现。','','','',1449),(1452,'什么火药厂、化工厂、钢铁厂、疗养院、监狱、疯人院等等，都出现了。','','','',1450),(1453,'整个大陆便是一场梦魔，正产生着最大多数人的最大不幸。','','','',1451),(1454,'我是处于财富与幸福的最大汇集地之中的一个人，一个个别的实体，但是我从没有遇到过一个真正富有或真正幸福的人。','','','',1452),(1455,'至少我知道，我不富有，不幸福，生活不正常、不合拍。','','','',1453),(1456,'这是我唯一的安慰，唯一的欢乐','','','',1454),(1457,'尽管如此，但这还不够。','','','',1455),(1458,'假如我公开表示我的反叛，假如我为此而蹲班房，假如我烂死在监狱里，倒或许更能使我的心情平静下来。','','','',1456),(1459,'假如我能像那个疯子那样，射杀了某个好总统麦金利，射杀了某个像他一样从未对人有一点点好处的、出身名门的人，这对我来说也许会更好。','','','',1457),(1460,'要说为什么，那是因为我从心底里想犯罪。','','','',1458),(1461,'我要看到美国被摧毁，从上到下，被彻底铲除。','','','',1459),(1462,'我要目睹这一切的发生，纯粹是出于报复，','','','',1460),(1463,'作为对施于我和像我一样的其他人、从未能扯大嗓门，表达他们的仇恨，他们的反叛，他们的合理的杀戮欲的人们的罪行的补偿，我要目睹这一切。','','','',1461),(1464,'我是一块邪恶土地上的邪恶产物。','','','',1462),(1465,'如果自我不是不朽的，那么，我写的这个“我”早就被毁掉了。','','','',1463),(1466,'对某些人来说，这也许就像一种发明，但无论我想象发生了什么，都确实真的发生了，至少对我来说是这样。','','','',1464),(1467,'历史会否认这个，因为我在我们民族历史上没起什么作用，','','','',1465),(1468,'但是即使我说的一切都是错误的、偏狭的、恶意的，即使我是一个谎言编造者，一个下毒者，真理终究是真理，不得不承认。','','','',1466),(1469,'一切发生的事情，在其有意义的时候，都具有矛盾的性质。','','','',1467),(1470,' 直至我为其写下这一切的那个人出现之前，我都想象，在外面某个地方，在生活中，正如他们所说，存在着对一切事物的解释。','','','',1468),(1471,'当我遇见她的时候，我想，我正在抓住生活，抓住我能够全神贯注的某个事物。','','','',1469),(1472,'然而我完全失去了对生活的把握。','','','',1470),(1473,'我伸手去抓我要依附的东西却一无所获。','','','',1471),(1474,'然而在伸出手去的当口，在努力去抓、去依附的时候，尽管孤立无援，我却发现了我并未寻找的东西、我自己。','','','',1472),(1475,'如果别人在进行着的事被称作活着的话、我终生的愿望并不是活着、而是自我表白。','','','',1473),(1476,'我理解到，我对活着从来没有一点点兴趣，','','','',1474),(1477,'只是对我现在正做的事才有兴趣。','','','',1475),(1478,'这是与生活平行，拥有生活而又超越生活的事情。','','','',1476),(1479,'我对真实的东酉几乎没有丝毫兴趣，甚至对现实的东西亦无兴趣。','','','',1477),(1480,'只有我想象中存在的东西，我为了活着而每天窒息了的东西，才引起我的兴趣。','','','',1478),(1481,'我今天死还是明天死，对我并不重要，也从来没有重要过，但是甚至在今天，在经过多年努力之后，我仍然不能说出我思考和感觉的东西，这让我悲哀。','','','',1479),(1482,'这使我烦恼，使我怨恨。','','','',1480),(1483,'自从儿童时代起，我就可以看到自己追踪着这种力量，除了这种能力外，我别无所好，别无所求。','','','',1481),(1484,'我所做所说的一切与此无关的事情、也是我一生的绝大部分，一切都是谎言。','','','',1482),(1485,'我本质上是矛盾的。','','','',1483),(1486,'人们认为我严肃、高尚，或者快活、鲁莽。','','','',1484),(1487,'事实上我有时真诚、认真，有时粗心大意、无所顾忌。','','','',1485),(1488,' 我便是这一切的混合物、此外，我还是什么别的东西，一种没有人注意到的东西。','','','',1486),(1489,'我自己就更没有注意到了。','','','',1487),(1490,'当我还是六七岁的男孩时，我常常坐在我祖父的工作台旁，他一边做着缝纫活，我就一边读书给他听。','','','',1488),(1491,'他在那些时候的样子我还历历在目，他将滚烫的熨斗压在大衣接缝上，一只手放在另一只手上面，站在那里，神思恍惚地望着窗外。','','','',1489),(1492,'我记得他站在那里时脸上梦一般的表情，这比我所读的书的内容、我们进行的谈话、或者我在街上玩的游戏要记得清楚得多。','','','',1490),(1493,'我常常奇怪，他梦见了什么，又是什么使他神不守舍呢。','','','',1491),(1494,'我还没有学会如何来做白日梦。','','','',1492),(1495,'在当时以及任何时候，我都是很清楚的。','','','',1493),(1496,'他的白日梦使我着迷。','','','',1494),(1497,'我知道，他同他正在做着的事没有关系，连想也没有想过我们当中的任何人，他很孤独，正因为孤独，他是自由的。','','','',1495),(1498,'我从未独处过。','','','',1496),(1499,'尤其当我一人独处时，更不孤独。','','','',1497),(1500,'我总是好像有人陪伴着。','','','',1498),(1501,'就像一块大奶酪上的一小点儿，我想，大奶酪就是世界，虽然我从未静下心来好好思考这个问题。','','','',1499),(1502,'然而我知道，我从来不单独存在，从来没想到自己好像是大奶酪。','','','',1500),(1503,'以至于就算我有理由说自己很不幸，有理由抱怨和哭泣，我都总是幻想自己加入了一种共同的、普遍的不幸。','','','',1501),(1504,'当我哭泣时，全世界都在哭泣、我是这样想象的。','','','',1502),(1505,'尽管如此，本来我也难得哭泣。','','','',1503),(1506,'通常我很快活，放声大笑，过得很愉快。','','','',1504),(1507,'我过得很愉快是因为，如我以前所说，我真的不在乎任何事情。','','','',1505),(1508,'如果事情在我这儿出了什么毛病，那么它们在哪儿都要出毛病，这一点我深信不疑。','','','',1506),(1509,'事情通常只是在人们过分关心时才出毛病。','','','',1507),(1510,'这在老早以前就给我留下深刻印象。','','','',1508),(1511,'例如，我还记得我的小朋友杰克·劳森的情况。','','','',1509),(1512,'整整一年，他卧床受病痛折磨。','','','',1510),(1513,'他是我最好的朋友，总之人们是这样说的。','','','',1511),(1514,'哎，最初我或许还为他感到遗憾，时不时到他家去打听他的情况。','','','',1512),(1515,'但是过了一两个月以后，我对他的痛苦变得漠不关心。','','','',1513),(1516,'我对自己说，他应该死去，越快越好，我这样想，也就这样做。','','','',1514),(1517,'就是说，放弃他、很快忘记他。','','','',1515),(1518,'我也记得那次葬礼、这是多么不光彩的一件事。','','','',1516),(1519,'他们在那里，亲戚朋友们都聚集在棺材周围，全都像有病的猴子一般大哭大叫。','','','',1517),(1520,'尤其是那位母亲，她刺痛了我的眼睛。','','','',1518),(1521,'她是这样一个虔信宗教的少有人物，我相信，一个基督教科学派。','','','',1519),(1522,'虽然她不相信疾病，也不相信死亡，','','','',1520),(1523,'但是她如此大哭大嚷，吵得耶稣本人都会从坟墓里爬出来。','','','',1521),(1524,'但是她可爱的杰克却不会死而复生了。','','','',1522),(1525,'不，杰克冷冰冰直挺挺地躺在那里，是叫也叫不应了。','','','',1523),(1526,'他死了，而且去向那里的交通是单行线。','','','',1524),(1527,'我知道这一点，对此感到放心。','','','',1525),(1528,'我不浪费任何眼泪在这上面。','','','',1526),(1529,'我不能说他过得更好，因为这个“他”毕竟消失了。','','','',1527),(1530,'他走了，也带走了他忍受的痛苦，以及他无意中加于别人的痛苦。','','','',1528),(1531,'阿门，我对自己说，随之，稍微有点儿歇斯底里，就在棺材旁边我放了一个响屁。','','','',1529),(1532,'这种凡事不想太多的习惯在我身上持续到了初恋阶段。','','','',1530),(1533,'即使在初恋的时候，我也还是不够郑重其事。','','','',1531),(1534,'要是我真的郑重其事，我就不会现在在这里写这件事了：','','','',1532),(1535,'我会因失恋而破碎的心死去，或者为此杀死对方自己再被判绞刑。','','','',1533),(1536,'不管怎样这是一种不好的经验，','','','',1534),(1537,'因为它教我如何为人虚伪。','','','',1535),(1538,'它教我在不想笑时笑，在不相信工作时工作，在没有理由活下去时活着。','','','',1536),(1539,'甚至在我已经忘却了她时，我还保留着那种做违心之事的伎俩。','','','',1537),(1540,'正如我说过的，我自人生伊始便一派混乱。','','','',1538),(1541,'但有时候，我离中心，离混乱的中心已如此之近。','','','',1539),(1542,'以至于我周围的事物没有发生混乱倒是一件很令人吃惊的事情。','','','',1540),(1543,'人们习惯于把一切归咎于战争。','','','',1541),(1544,'我想说，战争同我，同我的生活不相干。','','','',1542),(1545,'当别人都在为自己谋取舒适位置的时候，我却接受了一个又一个糟糕透顶的工作，靠它们我从来不够维持最起码的生活。','','','',1543),(1546,'我被解雇几乎同我被雇佣一样快。','','','',1544),(1547,'我才华横溢，却引起人们的不信任。','','','',1545),(1548,'所以我去任何地方，都会引起纠纷。','','','',1546),(1549,'不是因为我是理想主义者，而是因为我像探照灯一样暴露了一切事物的愚蠢与无用。','','','',1547),(1550,'此外，我不善于装傻充愣。','','','',1548),(1551,'所以我觉得我总是不自觉地流露出内心想法。','','','',1549),(1552,'当我谋职时，人们可以马上识别出，我实际上并不在乎是否得到工作。','','','',1550),(1553,'因此，我往往经历失败，','','','',1551),(1554,'但是久而久之，寻找工作本身成了一种消遣。','','','',1552),(1555,'我会无目的的出门，不管不顾的去找工作。','','','',1553),(1556,'这是一种消磨时间的方法、就我所见，不比单纯的工作更坏。','','','',1554),(1557,'我给自己当国王，我有我自己的钟点。','','','',1555),(1558,'但是不像其他国王，我必须要有随时破产的觉悟。','','','',1556),(1559,'我不是一家股份公司，一个信托公司，一个州，一个联邦政府，一项国际政策、要说的话，只能说我更像上帝。','','','',1557),(1560,'这种情况继续着，大约从那场战争的中途、直到有一天我陷入困境。','','','',1558),(1561,'我真正绝望地想要一个工作的那一天终于来临了。','','','',1559),(1562,'我需要工作，刻不容缓。','','','',1560),(1563,'我毫不犹豫的马上决定，哪怕是世界上最差的工作，比如送信人之类的工作，我也要。','','','',1561),(1564,'快下班时，我走进了电报公司的人事部，做好了应付一切的准备。','','','',1562),(1565,'我刚从公共图书馆来，腋下夹着一摞有关经济与哲学的书。','','','',1563),(1566,'令我十分吃惊的是，我被拒绝了做这项工作。','','','',1564),(1567,'拒绝我的那个家伙是一个管电话交换机的小矮人。','','','',1565),(1568,'他大概把我当成了大学生，尽管从我的申请表上可以看得很清楚，我早就离开了学校。','','','',1566),(1569,'在申请表上我甚至填上了哥伦比亚大学的博士学位，给自己增添几分光彩。','','','',1567),(1570,'很显然，这一点并未受到注意，要不然，就是这个拒绝我的小矮人怀疑这一点。','','','',1568),(1571,'我愤怒了，因为我一生中就认真了这一次，我格外感到愤怒。','','','',1569),(1572,'不仅认真，我还忍气吞声，压下了我的傲气，这种傲气在以特有方式表现出来时是很盛气凌人的。','','','',1570),(1573,'我妻子当然像往常一样，斜眼看人，冷嘲热讽。','','','',1571),(1574,'我妻子让我更加认真点找工作。','','','',1572),(1575,'我上床睡觉时一直懊恼这件事。','','','',1573),(1576,'整夜不能入眠，愤恨不已。','','','',1574),(1577,'我有妻小要养活，这个事实并不怎么使我心烦。','','','',1575),(1578,'人们并不因为你有一个家庭要养活，就给你工作，这些我都再清楚不过了。','','','',1576),(1579,'不，使我恼火的是他们拒绝了我，一个有能力的优秀个人，他只是请求得到世界上最下等的工作。','','','',1577),(1580,'这使我怒火中烧，无法自制。','','','',1578),(1581,'第二天一大早我就起床，刮好胡子，穿上最好的衣服，急匆匆去赶地铁。','','','',1579),(1582,'我径直去了电报公司的总部办公室、直奔二十五层或总裁、副总裁有他们小办公室的某个什么地方，要求见总裁。','','','',1580),(1583,'当然，总裁不是不在城里，就是太忙而不能见我，但是我并不介意见副总裁或者他的秘书。','','','',1581),(1584,'我见到了副总裁的秘书，一个聪明而替人着想的小伙子，我给他耳朵里灌了一大堆话。','','','',1582),(1585,'不过分激烈又表现得很机灵，但是始终让他明白，我不是那么容易像皮球一样被踢出去的。','','','',1583),(1586,'当他拿起电话要总经理的时候，我想，他只是在哄我，还是以老一套来把我从这里踢到那里，直到我自己受够了为止。','','','',1584),(1587,'不过，我一听到他谈话，便改变了看法。','','','',1585),(1588,'当我来到设在非商业区另一幢楼内的总经理办公室时，他们正在等我。','','','',1586),(1589,'我坐到舒适的皮椅子里，接受了递过来的一支大烟卷。','','','',1587),(1590,'这个总经理似乎马上就对事情十分关心、他要我把一切都告诉他，直至最微不足道的细节。','','','',1588),(1591,'他竖起毛茸茸的大耳朵，来抓住一点一滴信息，以便有助于他在头脑里形成对这事那事的看法。','','','',1589),(1592,'我说话途中开始明白，我已经有点为了迎合他拼命努力的味道。','','','',1590),(1593,'我让他哄得按他的设想来为他服务，随时都在窥测风向。','','','',1591),(1594,'随着谈话的进行，我注意到他对我越来越同情关注。','','','',1592),(1595,'终于有人对我流露出一点儿信任啦。','','','',1593),(1596,'我于是热情洋溢的对他进行了语言轰炸。','','','',1594),(1597,'因为，在寻找了多年工作以后，我自然变得很老练；','','','',1595),(1598,'我不仅知道不该说什么，而且也知道影射什么，暗示什么。','','','',1596),(1599,'一会儿，总经理助理便被叫进来，让他听听我的故事。','','','',1597),(1600,'直到这时候，我才明白了内情','','','',1598),(1601,'我明白了，这个叫海米的总经理助理，没有资格假装他是人事部经理。','','','',1599),(1602,'显然，海米是刚被剥夺了特权。','','','',1600),(1603,'海米是个犹太人，总经理和副总裁两个人都不喜欢犹太人。','','','',1601),(1604,'也许小脏犹太海米应该为送信人员中犹太人所占的高百分比负责。','','','',1602),(1605,'也许海米实际上就是在人事部负责雇人的那个人。','','','',1603),(1606,'总经理克兰西先生告诉我，彭斯先生现在已当了大约三十年的人事部经理，显然正在变得懒于干这项工作。','','','',1604),(1607,'我猜想，现在对于总经理克兰西先生来说，是把某个彭斯先生拿下来的大好机会。','','','',1605),(1608,'这个会议开了好几个小时。','','','',1606),(1609,'结束前，克兰西先生把我拽到一边，告诉我，他打算让我当主任。','','','',1607),(1610,'但是在就职以前，他打算请我先当一名特别信使，这是一种实习期，对我了解工作是有好处的。','','','',1608),(1611,'我将领取人事部经理的薪水，但是是从一个单立的帐户上付钱给我。','','','',1609),(1612,'总之，是要我从这个办公室游荡到那个办公室，来看看所有人进行的事情在如何运转。','','','',1610),(1613,'而且我每次都得打小报告，他还提议，过上一子阵就私下到他家里去一次。','','','',1611),(1614,'聊一聊公司在纽约市的101个分支机构的状况。','','','',1612),(1615,'换句话说，就是要我当几个月密探，然后我才可以担任要职。','','','',1613),(1616,'也许有一天他们还会让我当总经理，或者副总裁。','','','',1614),(1617,'这是一个诱人的机会，尽管它十分可疑。','','','',1615),(1618,'几个月以后，我坐在椅子上，像恶魔一样把人雇来，又把人开除。','','','',1616),(1619,'老天爷作证，这是一个屠宰场。','','','',1617),(1620,'我干的这件事根本没什么道理，是对人力、物力、精力的浪费。','','','',1618),(1621,'这是汗臭与不幸的背景之下的一部丑陋的滑稽戏。','','','',1619),(1622,'但是，正像我接受密探工作一样，我也接受了雇用人、解雇人的工作，以及与之有关的一切。','','','',1620),(1623,'我对一切都说行。','','','',1621),(1624,'如果副总裁规定，不许雇瘸子，我就不雇瘸子。','','','',1622),(1625,'如果副总裁说，四十五岁以上的送信人不必预先通知，统统解雇，我就不预先通知，把他们解雇掉。','','','',1623),(1626,'他们指示我做什么，我就做什么，所以他们就得给我擦屁股。','','','',1624),(1627,'什么时候出现罢工，我就袖手旁观等着这阵风刮过去。','','','',1625),(1628,'但是那时我也是第一次知道罢工也是很昂贵的。','','','',1626),(1629,'整个体制都腐烂了，它违背人性，腐败到了极点，也繁琐到了极点。','','','',1627),(1630,'要使它变得合理而有秩序，必须有一个天才般的救世主。','','','',1628),(1631,'更不用说使它具有仁爱与体贴之人情之心了。','','','',1629),(1632,'我面临着整个腐朽的美国劳动制度，它已经从头烂到脚了。','','','',1630),(1633,'我是多余的人，两边都不需要我，除非是利用我。','','','',1631),(1634,'事实上，不止是我，每个人都在被利用。','','','',1632),(1635,'总裁及其一伙被无形的强权所利用，就像雇员被高级职员所利用。','','','',1633),(1636,'从我在这里的小小位置上，可以鸟瞰整个美国社会。','','','',1634),(1637,'这就像电话簿里的一页纸。','','','',1635),(1638,'按字母顺序、号码、统计资料看，它是有意义的，','','','',1636),(1639,'但是当你进一步细看时，当你单独研究各页、各个部分时；当你研究一个单独个人以及构成他的那些东西，研究他呼吸的空气、他过的生活、他冒险抓住的机会时，你就看到了如此肮脏、如此卑劣、如此下贱、如此可悲、如此绝望、如此愚蠢的东西。','','','',1637),(1640,'你肯定会觉得比在一座火山里看到的东西还要可怕。','','','',1638),(1641,'你可以看到全部美国生活。','','','',1639),(1642,'你可以看到经济、政治、道德、宗教、艺术、统计、病理学等各个方面。','','','',1640),(1643,'说真的，看上去比这还糟糕，因为你再也看不到它的原样了。','','','',1641),(1644,'也许过去这玩艺儿有生命，产生过什么东西，至少给人以片刻的快感，片刻的震颤。','','','',1642),(1645,'但是从我坐的地方来看它，简直比虫子四处爬的奶酪还要腐烂不堪。','','','',1643),(1646,'奇怪的是，那帮人竟然还能闻着这种恶臭活下去。','','','',1644),(1647,'我一直用的是过去时，当然现在也一样。','','','',1645),(1648,'不，也许现在还更糟一点儿。','','','',1646),(1649,'至少我们现在正闻到它臭气冲天。','','','',1647),(1650,'到瓦莱丝佳出现的时候，我已经雇了好几个军团的送信人了。','','','',1648),(1651,'我的办公室像一条没有遮盖的污水沟，臭烘烘的。','','','',1649),(1652,'我刚往里探了一下身子，就立即从四面八方闻到了这种臭味。','','','',1650),(1653,'首先，我撵走的那个人在我到来的几周之后，便伤心而死。','','','',1651),(1654,'我还以为他在趁我停下话时装腔作势呢，没想到他马上便呜呼哀哉了。','','','',1652),(1655,'事情来得如此神速，我都没有来得及感到内疚。','','','',1653),(1656,'从我到达办公室那一刻起，漫长的大混乱便开始了，从不间断。','','','',1654),(1657,'在我到达前一小时、这地方就已经挤满了申请者。','','','',1655),(1658,'我得用胳膊肘开路，夺路走上楼梯，严格讲，是拼了命挤到那里去的。','','','',1656),(1659,'海米的情况不如我，因为他被束缚在隔墙那儿。','','','',1657),(1660,'我还没来得及取下帽子，就得忙着回答多个电话。','','','',1658),(1661,'我桌上有三部电话机，都同时响起来。','','','',1659),(1662,'甚至在我坐下来办公以前，等得不耐烦的申请者们就吵得我头昏脑胀。','','','',1660),(1663,'连上厕所的时间都没有、得一直等到下午五六点钟。','','','',1661),(1664,'海米他们的情况不如我，因为他被束缚在电话交换机那里。','','','',1662),(1665,'他从早上八点，一直坐到下午六点，指使散兵游勇们跑来跑去。','','','',1663),(1666,'就是从一个营业所借到另一个营业所去干一天或一天里干几个小时的送信人。','','','',1664),(1667,'许许多多营业所当中，没有一个的人员是满的。','','','',1665),(1668,'所以我忙得像个疯子一样，雇人来堵缺口。','','','',1666),(1669,'而海米不得不将散兵游勇们安排到各处。','','','',1667),(1670,'如果我在一天里奇迹般地填满了所有的空缺，第二天早上，会发现一切还是老样子、或者更糟。','','','',1668),(1671,'也许只有百分之二十的人手是稳定的，其余都是临时的。','','','',1669),(1672,'而且稳定的人手将新来的人手都赶跑了。','','','',1670),(1673,'稳定的人手一星期挣四五十美元，有时候六十至七十五，有时候一星期挣一百美元之多。','','','',1671),(1674,'也就是说，他们远比职员挣得多，往往也比他们自己的经理挣得多。','','','',1672),(1675,'至于新来的人，他们发现一星期挣十美元都很难。','','','',1673),(1676,'有些人干了一小时就退出了，往往将一捆电报扔进垃圾箱或阴沟里。','','','',1674),(1677,'无论他们什么时候退出，都会要求立即付给他们报酬。','','','',1675),(1678,'因为复杂的会计制度规定，至少得过十天以后，人们才能说出一个送信人挣了多少钱。','','','',1676),(1679,'开始，我请申请者坐在我旁边，详细地向他解释一切，','','','',1677),(1680,'一直说到我嗓子沙哑，发不出声来。','','','',1678),(1681,'不久我就学会节省力气来用于必要的盘问。','','','',1679),(1682,'他们每个人如果不是一个无赖的话，就是一个是天生的说谎家。','','','',1680),(1683,'他们当中许多人都被雇用又被开除了多次。','','','',1681),(1684,'还有些人认为这是寻找另一份工作的绝妙方法，','','','',1682),(1685,'因为做送信员的话，他们就有机会来到他们本不可能涉足的成百上千个办公室。','','','',1683),(1686,'幸好有个可靠的老人，他看门、分发申请表格，并有照相机一般的眼力。','','','',1684),(1687,'还有我身后的那些大本子，里面有经受了考验的每一个申请者的履历。','','','',1685),(1688,'这些大本子很像一种警察局档案，画满了红色的墨迹，表明这样或那样的前科。','','','',1686),(1689,'从证明材料来判断，我的处境很麻烦。','','','',1687),(1690,'每两个名字中就有一个同偷窃、诈骗、吵架或痴呆、性反常、弱智等有关。','','','',1688),(1691,'假如我是一个墨守成规的人，那就谁也休想被雇用了。','','','',1689),(1692,'我必须快速抓住工作的要领。','','','',1690),(1693,'而且不能根据档案或我周围那些人的话来了解情况。','','','',1691),(1694,'要鉴别一个申请者，有许许多多细节要考虑。','','','',1692),(1695,'我不得不一下子把他们全接受下来，而且要快。','','','',1693),(1696,'因为在短短一天中，即使你是杰克·鲁滨逊哪样的快手，你也只能雇这么些，不可能再多。','','','',1694),(1697,'而无论我雇多少，怎么也是不够的。','','','',1695),(1698,'第二天一切又从头开始。','','','',1696),(1699,'我知道，有些人只干一天，但我不得不照样雇他们。','','','',1697),(1700,'这个体制从头到尾都是错的，但我无权批评它。','','','',1698),(1701,'我的职责就是雇用和开除。','','','',1699),(1702,'我处于一个飞速旋转的转盘中心。','','','',1700),(1703,'除了中心以外，没有东西能停下来不动。','','','',1701),(1704,'我们需要的是一个技师，但是按照上级的逻辑是，机械部分没有毛病，一切都好极了，只是具体事情上暂时出了点儿问题。','','','',1702),(1705,'事情暂时出了问题，就招来了一批癫痫、偷窃、破坏狂，人妖等等不正经的家伙。','','','',1703),(1706,'有时候还有罢工与封闭工厂。','','','',1704),(1707,'因此，根据这种逻辑，你就拿一把大扫帚，去把这些垃圾打扫干净。','','','',1705),(1708,'要不就拿大棒与枪炮，打得那些可怜的白痴明白，再不要为那种认为事情从根本上出了毛病的幻想而痛苦。','','','',1706),(1709,'时常谈论一下上帝是件好事，或者让一个小团体唱唱歌、也许甚至时常发点儿奖金也是无可非议的。','','','',1707),(1710,'但是，这是在事情正可怕地恶化，说好话已不起作用的时候。','','','',1708),(1711,'但是总体上来说，重要的事情是不断雇用与开除。','','','',1709),(1712,'只要有兵，有弹药，我们就要冲锋，就要不断扫荡各条战壕。','','','',1710),(1713,'话说这期间，海米不停地吃泻药灵丸。','','','',1711),(1714,'便秘的话早就应该排出来了，但总是不行。','','','',1712),(1715,'他只是想象他在上厕所。','','','',1713),(1716,'他只是想象他在坐着排泄废物。','','','',1714),(1717,'但实际上这个废物蛋是在发呆。','','','',1715),(1718,'他要管超过一百个以上的营业所。','','','',1716),(1719,'每一个营业所都有一帮送信人，不管他们是假设的还是虚幻的，','','','',1717),(1720,'但无论他们是真是假，确切还是不确切，海米都得从早到晚把他们差来差去，而我则堵窟窿。','','','',1718),(1721,'其实这也是一种幻想般的工作。','','','',1719),(1722,'因为当一名新手被派到一个营业所去，谁又能说他会今天到那里，还是明天到那里，或是永远也到不了。','','','',1720),(1723,'其中有些人在地铁里或摩天大楼底下的迷宫迷了路；','','','',1721),(1724,'有些人整天就在电梯上乘来乘去，','','','',1722),(1725,'因为穿着制服是可以随便坐电梯的，也许他们还从未享受过整天在电梯上乘来乘去的乐趣呢。','','','',1723),(1726,'我的名字是啥？','','','',1724);
/*!40000 ALTER TABLE `ch_trans` ENABLE KEYS */;
UNLOCK TABLES;

--
-- Table structure for table `jp_ori`
--

DROP TABLE IF EXISTS `jp_ori`;
/*!40101 SET @saved_cs_client     = @@character_set_client */;
/*!40101 SET character_set_client = utf8 */;
CREATE TABLE `jp_ori` (
  `jp_id` int(11) NOT NULL auto_increment,
  `jp_text` text NOT NULL,
  `author` varchar(255) default NULL,
  `publisher` varchar(255) default NULL,
  `pub_date` varchar(255) default NULL,
  `user_num_jp` int(11) default NULL,
  PRIMARY KEY  (`jp_id`),
  KEY `user_jp_jk` (`user_num_jp`),
  CONSTRAINT `user_jp_jk` FOREIGN KEY (`user_num_jp`) REFERENCES `users` (`user_id`) ON DELETE SET NULL ON UPDATE CASCADE
) ENGINE=InnoDB AUTO_INCREMENT=1725 DEFAULT CHARSET=utf8;
/*!40101 SET character_set_client = @saved_cs_client */;

--
-- Dumping data for table `jp_ori`
--

LOCK TABLES `jp_ori` WRITE;
/*!40000 ALTER TABLE `jp_ori` DISABLE KEYS */;
INSERT INTO `jp_ori` VALUES (1301,'いままではじの多い生涯をずっと送ってきました。','','','',4),(1302,'自分はまるで真っ白な羊の群れの中に、ぽつんと生まれた黒い羊のようでした。','','','',4),(1303,'仲間たちと同じものを喜べず、同じものを悲しめず、同じもの看食せない。','','','',4),(1304,'仲間たちが心地よいと感じるもの、愛や優しさや思いやりを理解できない惨な黒羊にできることは、黒い毛皮に白い粉をまぶし、白い羊のフリをすることだけでした。','','','',4),(1305,'そうして自分は今も、仮面をかぶり、道化を演じ続けています。','','','',4),(1306,'高校二年生になったばかりで生涯なんて大袈裟かもしれないけど、十四歳のぼくが体験した出来事は、まさに驚天動地です。','','','',4),(1307,'怒濤に波濤に激動のてんやわんやで、たった一年の間に、ぼくの人生は一旦終了してしまったような気さえするのだ。','','','',4),(1308,'なにしろあの一年の間、ぼくは謎なぞの地才美少女作家として日本中の注目を集めていたのだから。\r\n			','','','',4),(1309,'すべてのはじまりは中学三年生の春からのだった。','','','',4),(1310,'ぼくはもうじき十五歳になる十四歳で、ごくごく平凡な中学生をやっていました。','','','',4),(1311,'友達もいて、好きな女の子もいて、それなりにおもしろおかしく過ごしていた。','','','',4),(1312,'それが、生まれてはじめて書いた小説を、ほんの気の迷いで文芸雑誌の新人賞に応募したら、どういうわけだか史上最年少で大賞に輝いてしまった。','','','',4),(1313,'文章が女の子の一人称で、ペンネームも女の子の名前を使ってました。','','','',4),(1314,'リアルな文体と瑞々しい感性に、審査員各氏から絶賛を頂戴しました。','','','',4),(1315,'大々的に宣伝されてしまって恥ずかしくて仕方がありません。','','','',4),(1316,'女の子のほうがウケがいいから、このまま謎の美少女覆面作家で売り出しましょう。','','','',4),(1317,'覆面かぶってるのに、どうして美少女ってわかるんだ。','','','',4),(1318,'編集部の人に力説されて、釈然としないまま受賞作が出版され、それがたちまちベストセラーになってしまった。','','','',4),(1319,'本は売れに売れてあっという間に百万部をも突破しました。','','','',4),(1320,'映画化もドラマ化もされて、コミックにもなり、社会現象になった。','','','',4),(1321,'ぼくは愕然し、家族も茫然しか覚えませんでした。','','','',4),(1322,'まぁまぁ、うちのお兄ちゃんが普通のおとなしい子だったのにねえ。','','','',4),(1323,'まぁ、印税が二億円、まぁ、お父さんの年収の二十倍にもなるんだ。','','','',4),(1324,'電車に乗ればぼくの本のタイトルがでかでかと印字された中吊り広告が目に飛び込んでくる。','','','',4),(1325,'本屋へ一歩足を踏み入れれば、立派な帯つきのぼくの本が、レジの前に堅固な要塞のように積み重ねられている。','','','',4),(1326,'ミウちゃんってまだ中学生なんだろう、どんな子かな。','','','',4),(1327,'オレ、華族の流れをくむお嬢様って聞いた。','','','',4),(1328,'それで正体を明かせないんだってさ、きっと赤ん坊の頃からばあやに育てられて、ペンより重い物を持ったことがないんだ。','','','',4),(1329,'いかにも文学少女って感じの、清楚で可憐な美少女に違いない。','','','',4),(1330,'そんな声を耳にするたび、恥ずかしくっていたたまれなくって、息の根が止まりそうになった。','','','',4),(1331,'すみません、もう勘弁してください、出来心だったんです、','','','',4),(1332,'あんなの文学だなんてご立派なものではないんです。','','','',4),(1333,'授業中のノートの落書きで間違って受賞してしまって本当にごめんなさい。','','','',4),(1334,'瑞々しい感性なんてそんなのは全部おこがましい。','','','',4),(1335,'しょんべん臭いガキのつまらない独り言です。','','','',4),(1336,'審査員の先生たちは酒落のつもりだったんです。','','','',4),(1337,'十四歳の女の子が文学賞をとっちゃったら楽しいかな。','','','',4),(1338,'話題性抜群で業界も活性化するのではないのかな。','','','',4),(1339,'本も売れて出版社も喜ぶかななんて思っちゃっただけなんです。','','','',4),(1340,'才能なんてありません、もうもう許してください、お願いです。','','','',4),(1341,'日本中のありとあらゆる場所を平身低頭して回りたい心境で、あげくに、あんなことがあってしまった。','','','',4),(1342,'ストレスからくる過呼吸を起こし学校でぶっ倒れて病院に運び込まれた。','','','',4),(1343,'もう小説なんか書けないとみっともなくべそべそ泣いて、登校拒否なんかもして、父さんにも母さんにも妹にも心配をかけた。','','','',4),(1344,'本当に恥さらしな一年だった。','','','',4),(1345,'かくして、謎の天才覆面美少女作家井上ミウは、たった一冊の本を残して消滅し、','','','',4),(1346,'ぼくは普通に受験し、合格し、高校生になり、そこで本物の文学少女を知ったのだ。','','','',4),(1347,'それはなぜ、ぼくがふたたび書きはじめたのか。','','','',4),(1348,'それはあの日、シンと輝く真っ白な木蓮の下で、遠子先輩に出会ってしまったせいだった。','','','',4),(1349,'ギャリコの物語はいつも冬の香りがするわ。','','','',4),(1350,'清らかに降り積もった新雪を、舌の上でそっと溶かし、その冷たさと儚さに心が気高く澄んでゆくような、そんな美しさと切なさがあるわ。','','','',4),(1351,'ポールギャリコの短編集をめくりながら、遠子先輩が甘いため息をもらす。','','','',4),(1352,'ぼくらが所属している聖条学園文芸部は、四階建ての校舎の三階の西の隅にあった。','','','',4),(1353,'夕暮れになると西日が差し込み、部屋の中が、蜂蜜を流し込んだようなあでやかな金色に染まる。','','','',4),(1354,'もとは物置に使っていたようで、壁際に段ボール箱がうず高く積まれ、真ん中に樫でできた古いテーブルがある。','','','',4),(1355,'あとはスチール製の本棚が二つとロッカーがひとつ。','','','',4),(1356,'これでもういっぱいいっぱいで、収納しきれない古い本が、あちこちに重ねてある。','','','',4),(1357,'地震が来たら本の塔が崩壊し、ぼくらはそれに埋もれて、窒息死してしまうだろう。','','','',4),(1358,'古い本と埃の香りがする狭い部室で、遠子先輩はパイプ椅子の上に、ちょこんと体育座りしていた。','','','',4),(1359,'制服のひだスカートの奥が、見えそうで見えなくて、けどやっぱりちょっと足を動かしたら見えてしまいそうな、お行儀の悪い格好だ。','','','',4),(1360,'むき出しの膝頭に白い頬をあてて、膝全体を腕で抱え込むようにし、細い指で愛おしそうに、本のページをめくっている。','','','',4),(1361,'真っ白な額に黒い前髪がかかり、長い長い三つ編みが肩から腰へこぼれ落ちる。','','','',4),(1362,'肌が白い分、髪や睫、瞳の黒さが際だつ。','','','',4),(1363,'黙っていれば、遠子先輩は大変お上品そうで、お人形さんのような人だった。','','','',4),(1364,'　一般に人間の心は言葉よりもむしろ実例によって動かされ、悲しみもそれによってやわらげられることが多いものである。','','','',4),(1365,'だから私は、この前お会いしたとき直接いろいろと慰めを申し述べたのにつづいて、今度は私の受けたかずかずの不幸の体験を、はるかに書簡に託してお慰めしたいと思う。','','','',4),(1366,'こうするのも、きみが自分の不幸を私のそれとひきくらべ、それがじつは不幸ともいえぬほどのものであるか、あるいはほとんど問題とするに足りないものであることをみずから認めて、これまでよりも楽な気持でそれに耐えてくれることを念願するからである。','','','',4),(1367,'息絶えてしまえば、たとえ渾沌のなかにあっても、あらゆることが判然としてくるものである。','','','',4),(1368,'そもそもの当初から、渾沌以外のなにものもなかった、私をとりまき、私がエラで呼吸していたものは、あいまい模糊たる流動物であった。','','','',4),(1369,'おぼろにかすんだ月が不変の光を投げている下層部は、静穏で肥沃だったが、上層には密林があり、不協和音があった。','','','',4),(1370,'私はすぐ、あらゆることに矛盾と対立を見、現実と虚構のあいだの諷刺と逆説を感じとった。','','','',4),(1371,'それから、私自身こそが私の一番の敵ではあった。','','','',4),(1372,'私はなにもしようと思わなかったが、また思ってもできないことばかりであった。','','','',4),(1373,'なんら不足のない子供のころですら、私は死にたいと思った、苦労することに、なんらの意義も認められなかったので、すべてを放棄したかった。','','','',4),(1374,'自分で求めもしなかった人間生活をつづけても、なにひとつ得るところがなく、なんらの実証も得られず、プラスにもマイナスにもならないような気がした。','','','',4),(1375,'私の周囲のものは、ほとんど落伍者であり、落伍者でないやつは、ひどく不愉快な人間ばかりであった。','','','',4),(1376,'とくに成功者がそうであった。成功者には、じつに閉口させられた。','','','',4),(1377,'私は過失に対して同情的であったが、私をそうさせたのは同情心ではない。','','','',4),(1378,'それは、人間の不幸をかいま見ただけで顔を出すある純粋に否定的な性格、弱点のせいであった。','','','',4),(1379,'私は役にたつつもりで他人を助けてやったことは一度もなかった。','','','',4),(1380,'ほかにどうすることもできなかったのである。','','','',4),(1381,'事態を変えようとするのは、しょせん無益なことのように思われた。','','','',4),(1382,'心を変えないかぎり、なにごとも変らないと私は確信していた。','','','',4),(1383,'しかし、人間の心を変えることのできる人がいるだろうか。','','','',4),(1384,'ときおり友人が改宗したという話を聞くと、私は胸がむかついた。','','','',4),(1385,'神が私を必要としないように、私もまた神を必要としなかった。','','','',4),(1386,'もし神が実在するものなら、私は堂々と彼に会って、その顔に唾を吐きかけてやりたいものだと、しばしば心のなかでつぶやいた。','','','',4),(1387,'なによりも私を当惑させたのは、多くの人が私を一見しただけで、きわめて善良で親切で寛大で誠実で信義にあつい人間だと思いこんでしまうことであった。','','','',4),(1388,'もしかすると私は、それらの美徳を身につけていたのかもしれないが、しかし、たとえそうだとしても、それは私が無関心だったからにすぎない。','','','',4),(1389,'およそ他人をねたむということをしなかったから、善良にも親切にも寛大にも誠実にもなれたのだ。','','','',4),(1390,'私は、嫉妬に負けたことは、ただの一度もなかった。','','','',4),(1391,'どんな人間にも、どんなことにも、私は決して羨望を感じなかった。','','','',4),(1392,'逆に私は、あらゆる人間に対して、なにかにつけて、つねに憐憫の思いに駆られただけであった。','','','',4),(1393,'そもそものはじめから、私は、むやみにものをほしがらないようにしつけられていたらしい。','','','',4),(1394,'最初から、私は、ひょんなぐあいに独立していたのである。','','','',4),(1395,'自由になって、気の向くままに行動したかったために、だれの世話にもなろうとしなかった。','','','',4),(1396,'私は、すこしでも期待されたり命令されたりすると、とたんに、わめきたてた。','','','',4),(1397,'言わば私の独立は、そんな形態をとったのである。','','','',4),(1398,'言いかえれば、堕落していたのだ、最初から堕落していたのである。','','','',4),(1399,'もしかすると、母が私に毒を飲ませたのではないかとも思う。','','','',4),(1400,'私は、かなり早く乳離れしたものの、その毒は私の体内組織に、いつまでも残っていたのかもしれない。','','','',4),(1401,'いずれにしろ、母が私を離乳させるときですら、私は、まったく頓着しなかったらしい。','','','',4),(1402,'たいがいの子供は、反抗するか、反抗のまねごとをしてみせるものだが、私は文句ひとつ言わなかった。','','','',4),(1403,'まだ産着をきていたころから、私はすでに哲学者であった。','','','',4),(1404,'わたしの主義をつらぬくために人生に抵抗した。','','','',4),(1405,'どんな主義かというのかと言えば、無用主義だ。','','','',4),(1406,'私の周囲のものはすべて、あくせくと苦労を重ねていた。','','','',4),(1407,'しかし私は、およそ努力したことがなかった。','','','',4),(1408,'はた目には努力しているように見えるときでも、それはただ他人をよろこばせようとしていたにすぎない、じっさいは、なんの苦労もしていなかった。','','','',4),(1409,'私は生来いこじなたちで、その性質は、どうしても直らなかったから、こうしろああしろといわれても、すなおに聞きいれることができないのである。','','','',4),(1410,'生れるとき、私を子宮からひっぱり出すのに、さんざん苦労したという話を、かなり大きくなってから聞いたことがある。','','','',4),(1411,'しごくもっともだと思う、出ろというほうがむりだ。','','','',4),(1412,'温かくて居心地のいい場所から、なにもかも無料で提供してくれる快適な隠れ家から出たがらないのは、当然ではないか。','','','',4),(1413,'私の最も初期の記憶といえば、寒気と、雨どいの雪や氷、窓ガラスに白く凍てついた霜、しめっぽい緑色の台所の壁の冷たい感触などである。','','','',4),(1414,'世の中の人は、あやまって温帯地方とよばれているこんな野蛮な気候のなかに、なぜ住んでいるのだろう。','','','',4),(1415,'察するに、世の中の人は、生来薄ばかで、生れつき不精者で、臆病であるせいではないのか。','','','',4),(1416,'私は十歳になるまで、この地上に文字どおり温かい国々のあることを、まったく知らなかった。','','','',4),(1417,'それらの土地では、暮しのためにあくせく働く必要がなく、寒さにふるえながら、やせ我慢して気分爽快な顔をよそおう必要もない。','','','',4),(1418,'ところが、寒い土地では、人々は、せっせと働き、子供ができると、その子に労働の教義を教える、','','','',4),(1419,'その実体は、まったくたわいのない、要するに惰性の教義にすぎないものだが。','','','',4),(1420,'われわれアメリカ人は非常にゲルマン民族的だ、ということは、つまり、大ばかだということだ。','','','',4),(1421,'これまで誤って解釈されてきたあらゆる観念が、彼らの頭にしみついている。','','','',4),(1422,'正義という観念も、むろんそうだが、ほかにも、たとえば清潔という徳目もある。','','','',4),(1423,'彼らは清潔を保つために大変な努力を重ねている。','','','',4),(1424,'けれども内面には臭気が充満しているのである。','','','',4),(1425,'彼らは心のドアを決して開こうとしない、決して冒険を試みようとはしない。','','','',4),(1426,'食事がすむと、すぐ皿を洗って戸棚に入れ、新聞を読み終えると、きちんとたたんで棚にあげ、衣服は洗濯してから、ていねいにアイロンをかけて、たんすにしまう。','','','',4),(1427,'すべて明日のためなのだが、しかし、その明日は決してやってこない。','','','',4),(1428,'現在は一つの橋にすぎず、彼らは、その橋の上で、世界じゅうの人々が苦悶しているかのような調子で、苦悶しつづける。','','','',4),(1429,'どんな酔狂者も、その橋を吹き飛ばしてしまうことを考えつかないのだ。','','','',4),(1430,'しばしば私は、自分自身を非難するために、彼らを非難すべき理由を探した。','','','',4),(1431,'なぜなら、私は多くの点で彼らに似ているからだ。','','','',4),(1432,'私は世俗からのがれたつもりでいたが、時をへるにしたがって、私の状態は、いっこうよくなっていないことに、いや、むしろ悪くなっていることに気づいた。','','','',4),(1433,'なぜなら、私は彼らよりも明晰にものを見ることができるのに、自己の人生を変えるという点では、依然として無力だからである。','','','',4),(1434,'過去の生涯をふりかえってみると、私は、なにごとも自分の自由意思でやったことがなく、つねに他人に強制されて動いていたような気がする。','','','',4),(1435,'私を冒険好きな人間だと見る人もいるようだが、これほど事実とかけはなれたことはあるまい。','','','',4),(1436,'私の冒険は、つねに偶発的なもので、押しつけられたものであった。','','','',4),(1437,'みずから企てたのではなくして、むり強いされたものであった。','','','',4),(1438,'高慢なゲルマン人種は、冒険の意味を、いささかも解さず、ただむやみやたらに地球上をかけめぐり、土を掘りかえして遺跡や遺物を探しあてたものだが、私も本質的には彼らと同じだといえよう。','','','',4),(1439,'じっとしていられない性質だが、決して冒険的な人間ではない。','','','',4),(1440,'現状に満足できずに悩んでいるにすぎない。','','','',4),(1441,'私をふくめて、彼らはみな度しがたい臆病者なのである。','','','',4),(1442,'なぜなら、この世には、ただ一つの偉大な冒険しかありえないし、しかもそれは、自我を志向した内包的なものであり、それに対しては、時間も空間も、行動すらも関与しないからである。','','','',4),(1443,'数年に一度ほど、そのことを発見しかけたが、私は、そのたびに、ある独得な流儀で、その結論を避けてしまった。','','','',4),(1444,'あえて口実をもうけようとするなら、それは私の環境、私の知っている街々、そこに住む人々のせいだという以外にない。','','','',4),(1445,'じっさいアメリカには、人間を自我の発見へみちびくことのできる街もないし、そうした街をつくりあげている人間もいないようである。','','','',4),(1446,'私は世界を歩き、無数の街を知っているが、アメリカの街ほど堕落した屈辱的な感じをうけるところは、二つとはないようだ。','','','',4),(1447,'アメリカの街を全部あつめたら、巨大な汚物だめができあがるにちがいない。','','','',4),(1448,'あらゆるものが、そこに投げこまれ、とめどもない小便となって排出されるような魂の汚物だめがそこにあった。','','','',4),(1449,'その汚物だめの上で、仕事の精が魔法の杖をふると、壮大な建物や工場が、きびすを接して湧いてくる。','','','',4),(1450,'軍需工場、製鉄所、化学工場、サナトリウム、刑務所、精神病院などが湧いてくる。','','','',4),(1451,'北アメリカ大陸は、いまや最大多数の最大不幸を生産しつつある悪夢の国と化しているのである。','','','',4),(1452,'私は富と幸福の大饗宴のなかの孤独な客であったが、そこで、ほんとうに富裕な幸福な人間と出会ったことは、ただの一度もなかった。','','','',4),(1453,'すくなくとも私は不幸であり、富をもたず、のけものであり異端者であることはたしかであった。','','','',4),(1454,'それがわかったことが、せめてものなぐさめであった。','','','',4),(1455,'とはいうものの、それで満足できるはずもない。','','','',4),(1456,'むしろ私は、おおっぴらに叛旗をひるがえして、そのために刑務所へぶちこまれ、そこで消衰して、のたれ死にしたほうが、心の平和と精神の充足を得るためには、かえってよかったかもしれない。','','','',4),(1457,'あの狂人がマッキンレー大統領を殺したように、だれにも善をあたえない、顕職にある、名門出身のだれかを射殺したほうが、すっきりしたかもしれない。','','','',4),(1458,'なぜなら、私の心の底には、ある奇妙な犯意がわだかまっているからである。','','','',4),(1459,'私はアメリカが根こそぎひっくりかえるのを見たかった。','','','',4),(1460,'純粋な復讐心から、そうなるのを見たかったのである。','','','',4),(1461,'憎悪と反抗と正当な血の欲求を、声をはりあげて訴えることができなかった私自身や、その他の人々に対して行われた弾圧のむくいを、見たかったのである。','','','',4),(1462,'わたしは悪の土壌の生んだ悪の産物であった。','','','',4),(1463,'もし自我が不滅でなかったら、ここに書いている『私』なるものは、とうの昔に滅び去ったであろう。','','','',4),(1464,'一部の人には、つくりごとのように見えるかもしれないが、しかし、すくなくとも私のことについては、すべてが私の想像どおりになったのである。','','','',4),(1465,'もちろん私はアメリカの歴史に、なんらの役割も演じていないので、歴史はそれを否定するかもしれない。','','','',4),(1466,'しかし、たとえ私の言うことがことごとくまちがっていて、偏見と悪意と邪心にゆがめられているとしても、たとえ私が嘘きで悪人であるとしても、それはあくまで真理であり、かならず容認されるにちがいない。','','','',4),(1467,'あらゆる出来事は、もしそれが意味をもつとすれば、それは矛盾をふくんでいるからである。','','','',4),(1468,'私は、この書を捧げるべき人物があらわれるまで、あらゆる問題の解決は、外側に、いわゆる人生にあると考えていた。','','','',4),(1469,'したがって、彼女とめぐりあったときは、あたかも人生を把握したかのような、なにかがっちり取組むべき対象をつかんだかのような錯覚をいだいたものである。','','','',4),(1470,'だが、私は逆に人生から完全に手をはなしてしまったのだ。','','','',4),(1471,'私は、なにかにとりすがろうとして模索したが、なにも発見できなかった。','','','',4),(1472,'しかし、そうしてあがいているうちに、時勢にとり残されはしたものの、求めてもいなかったあるもの、私自身を発見したのである。','','','',4),(1473,'もし他の人々の行動が生活といわれるならば、私が生涯求めていたものは、生きることではなくて、私自身を表現することであったのだ。','','','',4),(1474,'私は、生きることには、なんの関心ももっていなかったことを知った。','','','',4),(1475,'私の関心は、現在の自分の行動にしかなかったのだ。','','','',4),(1476,'それは、人生に対応したあるものであり、同時に人生に即し、しかもそれを超越したものなのである。','','','',4),(1477,'いわゆる事実も、現実すらも、ほとんど私の関心事ではなかった。','','','',4),(1478,'私の関心をひいたのは、私が想像したもの、あるいは、生きるために毎日抑えつけていたものだけであった。','','','',4),(1479,'今日死ぬか、明日死ぬかということは、私にとっては全然重要なことでなかったし、現在もそうだが、しかし苦しい年月をへてきた今日ですら、自分の考えていること、感じていることを語れないのは、非常に悲しい。','','','',4),(1480,'これはまさに胸をかきむしられる思いではある。','','','',4),(1481,'私は幼少のころから、そうした才能、能力を身につけたいとねがい、ほかには、なにも楽しみをもたずに、一途にそう思いつめてきた。','','','',4),(1482,'それと無関係な私の言動は、それは私の生涯の大半を占めていたのだが、すべて虚偽であった。','','','',4),(1483,'私は、いわゆる二重人格者である。','','','',4),(1484,'謹厳実直な人間だと思われたり、陽気で向うみずな男だと思われたりする。','','','',4),(1485,'事実ときには私は誠実で勤勉であり、ときには、手におえないほどのんきで、怠惰である。','','','',4),(1486,'しかも私は、それらを全部いっしょにして、なおそのうえに、だれも気づかない他の性格をもっているわけである。','','','',4),(1487,'とりわけ私自身ではまったく気がついていない。','','','',4),(1488,'五つか六つの子供のころ、私はよく祖父の仕事用のベンチに腰かけて、祖父が縫いものをしているあいだ本を読んでやったことがある。','','','',4),(1489,'コートの縫い目をアイロンでおさえながら、手を重ねて立ったまま、窓の外を夢みるように眺めていたときの祖父の姿が、いまもはっきりと目にうかぶ。','','','',4),(1490,'そのとき私が読んでいた本の内容や、私たちのかわした会話や、私が通りで遊んだ遊戯などよりも、そうして夢を見ながら立っていたときの祖父の表情のほうが、ずっと鮮明な記憶となって残っている。','','','',4),(1491,'祖父は、なにを夢みているのだろう、なにをぼんやり考えているのだろう、といつも私はいぶかってみたものである。','','','',4),(1492,'そのころはまだ目を開いたまま夢を見る方法など知らなかった。','','','',4),(1493,'私自身は、そんなときには、いつも、頭のすみずみまで冴えわたっていた。','','','',4),(1494,'それで祖父の白昼夢が私を魅了したのであった。','','','',4),(1495,'そして、そのときの祖父は、自分のしている仕事とはなんの関係ももっていないこと、私たちのことなどすこしも頭にないこと、ただひとりでいること、ひとりでいるために祖父は自由であること、などがわかった。','','','',4),(1496,'私はかつてひとりになったことが一回もなかった。','','','',4),(1497,'とりわけ、自分ひとりでいるときには、そうでなかった。','','','',4),(1498,'つねにだれかといっしょにいるような気がしていた。','','','',4),(1499,'そう思いきめてしまったわけではないが、私は世界という大きなチーズのごく微小な一片のようなものであった。','','','',4),(1500,'むろん私は隔絶されて生きていたわけではないし、私自身を大きなチーズだと考えたこともなかった。','','','',4),(1501,'したがって、なにか悲しむべきことがあったり、不満を言いたかったり、泣きたかったりするときには、ある一般的な、普遍的な悲しみに関与しているような錯覚を招いた。','','','',4),(1502,'私が泣いているときには、全世界の人が泣いているのだ、と空想した。','','','',4),(1503,'それにしても、もっとも私は、めったに泣かなかったから。','','','',4),(1504,'たいがいは幸福で、大声で笑い、たのしく暮していた。','','','',4),(1505,'前にも述べたとおり、私は、なにごとがあっても、くよくよしたり、こざかしく立ちまわったりしなかったから、おかげでたのしく暮せたのである。','','','',4),(1506,'なにか都合の悪いことが起きると、どこでもそんなことが起きているのだと確信していた。','','','',4),(1507,'ものごとは、あまり気にすると、かえってうまくゆかないものだ。','','','',4),(1508,'私の人生の初期には、こうした考え方が私を支配していた。','','','',4),(1509,'たとえば、幼な友だちのジャック・ローソンについて、こんな思い出がある。','','','',4),(1510,'彼は、まる一年間、病床にふせったまま苦しみつづけた。','','','',4),(1511,'私は彼とは大の仲よしだった、すくなくとも世間の人はそう言っていた。','','','',4),(1512,'だから、たぶん私も最初は彼をかわいそうだと思ったのだろう、ときどき彼の家へ見舞いに行った。','','','',4),(1513,'しかし、二ヵ月ばかりたつうちに、だんだん彼の苦しみに対する同情がうすれ、冷淡になった。','','','',4),(1514,'あんなやつは、早く死んでしまえばいい、とひとりごとを言うようになり、その考えにしたがって行動した。','','','',4),(1515,'つまり、彼を見はなし、彼のことを、さっぱりと忘れたわけである。','','','',4),(1516,'彼の葬式の情景もおぼえている、いかにもみっともない情景であった。','','','',4),(1517,'親族や友人たちが全部棺のまわりに集まり、一人のこらず、まるで病気になった猿のように泣きわめいていた。','','','',4),(1518,'とくに彼の母親にいたっては、まったく見るに耐えなかった。','','','',4),(1519,'彼女は、まれに見る聖霊の信徒で、たしかクリスチャン・サイエンスの信者であったと思う。','','','',4),(1520,'したがって、病気というものを、いっさい信じないのであった。','','','',4),(1521,'死も信じないはずなのに、まるでキリスト自身がびっくりして墓から飛び出してきはしまいかと思われるほどの狂態を演じていた。','','','',4),(1522,'しかし、彼女のいとしいジャックは、生きかえるはずもなかった。','','','',4),(1523,'ジャックはそこに氷のように冷たく硬直して横たわっていたから、手まねきされても動ける道理がなかった。','','','',4),(1524,'彼は死んでしまったのだし、そこへ行く道は一方交通なのである。','','','',4),(1525,'その後私はそれを知っていた、そして、ほっと安心した。','','','',4),(1526,'そんなことにむだな涙を流すようなことはしなかった。','','','',4),(1527,'また、結局『彼』という存在は消滅してしまったのだから、彼が前よりも安楽になったともいえなかった。','','','',4),(1528,'彼は、これまで耐えてきた苦しみと、知らずに他人におしつけていた苦しみとを背負って、去って行ったのである。','','','',4),(1529,'アーメン、私はそうひとりごとを言い、それと同時に、多少気が立っていたせいか、棺のすぐそばで大きなおならを一発もらしてしまった。','','','',4),(1530,'このあまりものごとを気にしてはいけないという考え方は、私がはじめて恋をしたころまではつづいていたように思う。','','','',4),(1531,'その初恋のときも、たいして私は気にしなかった。','','','',4),(1532,'もし私が本当にそれに熱をあげていたら、いまここでこんなことを書いてはいなかっただろう。','','','',4),(1533,'失恋の悲しみに耐えかねて死ぬか、あるいは相手を殺して自分も絞首刑になっていただろう。','','','',4),(1534,'いずれにしろきわめて悪い経験ではあったようだ。','','','',4),(1535,'なぜなら、それは偽りの生活のしかたを私に教えたからである。','','','',4),(1536,'笑いたくないのに笑ったり、働くのはばかばかしいと思いながら働いたり、生きながらえるべき理由のないのに生きながらえたりすることを。','','','',4),(1537,'私は、彼女をすっかり忘れ去ってからも、自分の納得のいかぬことをするこつだけは身につけていた。','','','',4),(1538,'前述したとおり、最初から、すべてが渾沌としていた。','','','',4),(1539,'しかし、ときおり私は、その混乱の中心部に、あまりにも焦点のすぐそばへ、近づきすぎた。','','','',4),(1540,'私の周囲の事態が紛糾しなかったのは、むしろふしぎというべきであったろう。','','','',4),(1541,'なにもかも戦争のせいにするのが、当代のならわしである。','','','',4),(1542,'私は、戦争などは私と、私の人生となんの関係もなかったと言いたい。','','','',4),(1543,'他の人たちが、それぞれ安楽な職業についていたとき、私は、みじめな職を転々とし、その日の暮しに事欠くありさまであった。','','','',4),(1544,'やとわれたと思うと、それもつかのまで、すぐにまた馘になった。','','','',4),(1545,'私は豊かな知性をもっていたが、人々に不信を抱かせる傾向があった。','','','',4),(1546,'そういう訳で、行くさきざきで悶着をひき起した。','','','',4),(1547,'それは、私が理想家肌であったためではなくて、あらゆることがらのくだらなさと無益さとを、さながら探照燈で照らし出すように明るみにさらけ出して見せたからである。','','','',4),(1548,'おまけに私は、とぼけることが下手だった。','','','',4),(1549,'そのために、心に思っていることがすぐ態度に出るのではないかと思う。','','','',4),(1550,'そして、職を求めに行っても、その職にありつこうとありつくまいと、どうでもかまわないと心に思っていることが、たちまち相手に見抜かれたのかもしれない。','','','',4),(1551,'そんなわけで、たいがいの場合、私は失敗を舐められるわけだった。','','','',4),(1552,'しかし、しばらくするうちに、そうしてただ職を探しあるくことが、いわば一種の気ばらしになった。','','','',4),(1553,'私は漫然と出かけて、ほとんどなんでもかまわず仕事を求めた。','','','',4),(1554,'それは、ひまつぶしにはなったし、私の見るかぎりでは、働くよりもましだった。','','','',4),(1555,'一国一城の主だし、自分の時間は、ふんだんにある。','','','',4),(1556,'ただ、他の国の主とちがって、破産状態に甘んじる覚悟だけは必要であったが。','','','',4),(1557,'私は、株式会社でもなければ信託会社でもなく、州でも連邦でも国連でもなく、あえてたとえるなら神に近かった。','','','',4),(1558,'この状態は戦争の半ばごろまでつづいたが、やがて、ある日ついに網にかかった。','','','',4),(1559,'とうとう私も死にものぐるいで仕事を探さなければならぬ日がやってきたのである。','','','',4),(1560,'どうしても仕事を見つけなければならなかった。','','','',4),(1561,'そこで私は、一瞬も躊躇することなく、この世の最低の仕事を、メッセンジャー・ボーイの仕事を探すことに決心した。','','','',4),(1562,'そして、その日の夕方近く、いっさいの準備をととのえて、電信会社の雇用事務所へ乗りこんだ。','','','',4),(1563,'私はそのとき、公立図書館から出てきたばかりで、経済学や哲学の分厚い本を何冊か小脇にかかえていた。','','','',4),(1564,'まったく驚いたことに、私は就職をことわられてしまったのである。','','','',4),(1565,'私を拒絶したのは電話の交換台にいた小柄な男であった。','','','',4),(1566,'私が、とっくの昔に学校を卒業していることは、願書を見れば、おのずから明らかなはずだが、彼は私を大学生だと思ったらしい。','','','',4),(1567,'願書には、私がコロンビア大学の哲学博士であることさえ明記されていたのである。','','','',4),(1568,'しかるに、すげなく私を拒絶したその小男は、それを見落したか、あるいは疑わしいと考えたもののようであった。','','','',4),(1569,'私は憤然とした、一生一度の決意をして行っただけに、私の憤懣は、はげしかった。','','','',4),(1570,'のみならず私は、ある奇妙な状態に高まっていた自尊心を、あえて抑えていたのである。','','','',4),(1571,'私の妻は、もちろん、いつものとおり私をあざけって、さげすむように横目でにらんだ。','','','',4),(1572,'もっと本気になって職を探したらどうなの、妻が言った。','','','',4),(1573,'私は憤懣やるかたないままに、その晩ベッドに入ってからも、そのことを考えつづけた。','','','',4),(1574,'夜がふけるにつれて怒りはますますつのるばかりであった。','','','',4),(1575,'女房と子供を養わなければならないという事実は、たいして気にならなかった。','','','',4),(1576,'世間は、扶養すべき家族があるからといって職をあたえるわけではないことを、私は、よく承知していたからである。','','','',4),(1577,'私が憤慨したのは、そのためではなくて、有能かつ卓抜な人物である私が、この世の最低の職を求めたというのに、彼らがそれを拒絶したということである。','','','',4),(1578,'それが、しゃくにさわったのだ、私は、どうしても気がおさまらなかった。','','','',4),(1579,'それで、翌朝早く、いきおいよくはね起きると、ひげを剃り、一張羅の服を着て、そそくさと地下鉄に乗った。','','','',4),(1580,'そして、まっすぐに電信会社の本社へ向い、社長室や副社長室のある二十五階のあたりまでのぼって行って、社長に面会を求めた。','','','',4),(1581,'むろん社長は町へ出ているとか多忙だとかで会えないということであったが、私は副社長でも、その秘書でもかまわないから、会わしてもらいたい、とねばった。','','','',4),(1582,'結局、副社長の秘書だという、利口そうな、思いやりのありそうな男をつかまえて、私は、しゃべりまくった。','','','',4),(1583,'あまり激烈な調子にならなぬように心をくばりながら、私がそう簡単に拒絶されるべき人間ではないことを、その男によく納得させようと努力した。','','','',4),(1584,'彼が受話器を手にとって総務課長を呼んだときには、こういうふうにして、つぎつぎと私の相手を変えて、しまいに私がしゃべり疲れてあきらめてしまうのを待つつもりなのだろうと思った。','','','',4),(1585,'しかし、彼の話しぶりを聞いて、私は、いっぺんにその意見を変えた。','','','',4),(1586,'山の手の他のビルにある総務課長の事務所へ行ってみると、彼らは私を待ちうけていた。','','','',4),(1587,'私は坐り心地のいい革の椅子をすすめられ、さし出された大きな葉巻を手にとった。','','','',4),(1588,'総務課長なる人物は、私の話に即座にひどく関心をひかれたらしく、くわしく一部始終を説明してもらいたいと言った。','','','',4),(1589,'私の説明の片言隻句にまで、大きな毛むくじゃらな耳をかたむけながら、頭のなかでそれをまとめ、そこからなんらかの確証を得ようとしているふうであった。','','','',4),(1590,'私は、どうしたわけか彼の期待にこたえようと懸命になっていることに、途中で気づいた。','','','',4),(1591,'たえず彼の機嫌をうかがいながら彼の気に入るように話をすすめているのであった。','','','',4),(1592,'また、そうすることによって、彼がますます私に同情を寄せてくるのを感じた。','','','',4),(1593,'やっと、多少でも私に信頼を寄せてくれる人間が見つかったのである。','','','',4),(1594,'そして私は、ここぞとばかり得意の熱弁をふるった。','','','',4),(1595,'なぜなら、過去数年間の職あさりによって、私は、こんな場合にはどうしたらよいかをじつによく心得ていたからである。','','','',4),(1596,'言ってはならぬことばかりでなく、意味ありげな言い方も知っていたし、あてこするような言い方も知っていた。','','','',4),(1597,'まもなく、課長補佐が呼ばれて、私の話を聞くようにと言われた。','','','',4),(1598,'そのころには、私にも、ほぼ内情がわかってきた。','','','',4),(1599,'そのハイミーという課長補佐は、すでに雇用主任として対応する資格をうしなっていたらしい。','','','',4),(1600,'つまりハイミーは役員の特権を剥奪されたばかりだったのである。','','','',4),(1601,'ハイミーはユダヤ人であったが、総務課長も、副社長も、ふたりともユダヤ人ぎらいらしかった。','','','',4),(1602,'配達人要員中にユダヤ人の占める率が高かったのは、おそらくこのユダヤ野郎のせいだったのだろう。','','','',4),(1603,'この雇用事務所で、要員の雇い入れの仕事の采配を直接ふるっていたのは、ハイミーだったからである。','','','',4),(1604,'総務課長のクランシー氏が私に語ったところによれば、そのバーンズ氏なる人物は、三十年間も雇用主任の椅子に坐りつづけていて、すでにその仕事にあきがきているのだ、ということであった。','','','',4),(1605,'クランシー氏にとっては、この事件が彼を平社員に格下げする絶好の機会になったわけでもあろう。','','','',4),(1606,'そして、この会談は数時間もつづけられたのであった。','','','',4),(1607,'それが終る前に、クランシー氏は私を別室へ呼んで、私を主任に採用するつもりだと告げた。','','','',4),(1608,'しかし、私を入社させる前に、私に仕事を習得させるため一種の見習期間をおき、特殊な配達人として働いてもらう。','','','',4),(1609,'その期間も、雇用主任としての給料は払うが、それは別個の勘定になる、ということであった。','','','',4),(1610,'つまり、私は各事務所を転々としながら、それぞれの仕事の内容を見習うことになるわけである。','','','',4),(1611,'しかも、そのたびごとに各事務所の仕事ぶりを報告し、ときには、内密に彼の家を訪ねる。','','','',4),(1612,'ニューヨーク市に一〇一もある各支局の状態について、情報を提供しなければならなかった。','','','',4),(1613,'早い話が、二、三ヵ月スパイをやって、それから社の要職につくというわけである。','','','',4),(1614,'しかも、やがていつかは総務課長か副社長になれるかもしれないというのだ。','','','',4),(1615,'かなりいかがわしい仕事ではあるが、まず結構な申し出であった。','','','',4),(1616,'二、三ヵ月後に、私は椅子につき、さながら悪魔のように人を雇い入れたり首を切ったりしはじめた。','','','',4),(1617,'神様は知っている、そこは、まさに屠殺場であった。','','','',4),(1618,'やることが非常識をきわめていた、人的資源と労力の浪費にすぎなかった。','','','',4),(1619,'一幕の汗と悲嘆を背景にした、むごたらしい茶番劇であった。','','','',4),(1620,'しかし、私はスパイの役を引きうけたときと同様に、人を雇ったり首を切ったりする仕事や、それに付随したことを、すべて引きうけた。','','','',4),(1621,'こうしろと言われれば、なんでもはいと答えた。','','','',4),(1622,'不具者を採用すべからずという副社長の達しが出ると、私は不具者をいっさい採用しなかった。','','','',4),(1623,'また、もし副社長が四十五歳以上の配達人を全部予告なしに馘にしろといえば、私は彼らを、なんの予告もせずに馘にした。','','','',4),(1624,'私は、なにごとも彼らの指示どおりにやったが、おかげで彼らは、その尻ぬぐいをさせられる格好になった。','','','',4),(1625,'そして、ストライキが起きたときには、私はただ腕をこまねいて騒ぎの静まるのを待っていた。','','','',4),(1626,'しかし、ストライキが高価なものであることを実際に見て知ったのは、そのときがはじめてであった。','','','',4),(1627,'仕事の組織全体がすっかり腐敗し、非人間的になり、不潔になり、救いようのないほど頽廃し、複雑化している','','','',4),(1628,'それに、なんらかの意味あるいは秩序をもたせるためには、おそらく大天才を必要としたに相違ない。','','','',4),(1629,'人間的な親切心や配慮などというものは、まさに論外であった。','','','',4),(1630,'私は、両端の腐りきったアメリカの全労働機構に直面させられたかたちになった。','','','',4),(1631,'私は、いわば車の五番目の車輪であって、私を搾取する以外には、どちらの側にとっても利用価値のない存在であった。','','','',4),(1632,'いや、私だけでなく、あらゆる人間が搾取されていたのである。','','','',4),(1633,'社長やその仲間は、見えない力によって搾取されているし、雇用者たちは上司に搾取されるといったぐあいに。','','','',4),(1634,'私は小さなとまり木から、アメリカの社会全体を鳥瞰してみた。','','','',4),(1635,'それは電話帳の一ページを見ているようなものであった。','','','',4),(1636,'アルファベット的に、数字的に、そして統計的には、それも意味をなしている。','','','',4),(1637,'しかし、いったんそれに目を近づけ、各ページを個々に調べ、あるいは各項目を個々に調べ、そのなかのただひとりの個人を拾って、その個人を構成している要素を調べ、彼が呼吸している空気や、彼のたどった人生や、彼の賭けたチャンスがいかなるものであったかを調べてみたなら、かならず、不潔な、恥ずべき、下劣な、悲しむべき、救いようのない、愚劣きわまりないことが、つぎつぎと目の前にあらわれてくる。','','','',4),(1638,'まるで火山の火口をのぞきこんだような慄然たる思いにおそわれるにちがいない。','','','',4),(1639,'そこから私は全アメリカ人の生活を見ることができた、','','','',4),(1640,'経済的にも政治的にも、道徳的にも宗教的にも、芸術的にも、統計学的にも、病理学的にも見えたのだ。','','','',4),(1641,'いや、実際はそれよりもひどかった、なぜなら、もはやそこでは元の形すらも、とどめていなかったからである。','','','',4),(1642,'たぶん、そのしろものも、過去には生命をもち、なにかを生産し、すくなくとも一瞬の快楽を、一瞬のスリルを味わわせてくれたことであろう。','','','',4),(1643,'しかし、私が坐っている場所から見ると、それは虫食いだらけのチーズよりも、もっとひどく腐りはてていた。','','','',4),(1644,'彼らが、その臭気をただよわせて歩けたのが、ふしぎなくらいであった。','','','',4),(1645,'私は過去の時制で書いているが、もちろん現在も同様である。','','','',4),(1646,'いや、現在では、もうすこし悪化しているかもしれない。','','','',4),(1647,'なぜなら、いまやその臭気は巷に満ちあふれているからである。','','','',4),(1648,'ヴァレスカが登場するころまでに、私は数個師団の兵力に匹敵する電報配達人を雇い入れた。','','','',4),(1649,'そして私の事務所は、露天掘りの下水溝を思わせた。','','','',4),(1650,'私が最初の溝に飛びこむやいなや、あらゆる方向から、その臭気がどっとおし寄せてきたのである。','','','',4),(1651,'まず、私が入社してから二、三週間後に馘にした一人の男が、悲嘆のあまりその場で死んでしまった。','','','',4),(1652,'彼は、私がはっとして話をやめるあいだだけ空をつかんでいたかと思うと、つぎの瞬間には、もう息が絶えていた。','','','',4),(1653,'まったく、あっという間の出来事で、私は罪悪感を感じるひまさえなかった。','','','',4),(1654,'私が事務所につく瞬間から、修羅場さながらの状態が、とめどなくつづくのであった。','','','',4),(1655,'私が出勤する一時間前から、すでに志願者がぎっしりつめかけていた。','','','',4),(1656,'したがって、私は事務所の階段をのぼるのに、文字どおり人の波をかきわけて行かなければならなかった。','','','',4),(1657,'ハイミーなどは、バリケードにかこまれてしまって動きがとれず、私よりもいっそうひどい目にあっていた。','','','',4),(1658,'私はそれから帽子をぬぐひまもなく、しばらくは電話の応答に忙殺される。','','','',4),(1659,'私の机の上には電話が三台あったが、それが全部同時に鳴り出すのだからたまらない。','','','',4),(1660,'しかも、待ちかねた志願者たちは、私が腰をおろして仕事にかかる前に、口やかましくわめきたてるのである。','','','',4),(1661,'こうして、午後の五時か六時まで、小用をたす時間すらなかった。','','','',4),(1662,'ハイミーなどは、一日じゅう交換台に坐りづめで、私よりも、もっとひどい目にあっていた。','','','',4),(1663,'朝の八時から夕方の六時まで、ひっきりなしに遊軍のやりくりに忙殺されていたのである。','','','',4),(1664,'遊軍とは、各支局が相互のあいだで一日か半日だけ融通しあう配達人のことである。','','','',4),(1665,'一〇一もある各支局のどの一つも、十分な人員をかかえていなかった。','','','',4),(1666,'したがって、私はその間隙を埋めるために躍起となって人を雇い入れ、','','','',4),(1667,'一方ハイミーは、遊軍の駒をチェスのように動かしていなければならなかったのだ。','','','',4),(1668,'奇蹟《きせき》的に、一日だけは、なんとかすべての間隙を埋めることができても、翌朝は、まったく前と同じ状態か、もっと悪い状態になっているのを発見するのであった。','','','',4),(1669,'おそらく、配達人要員のうちで固定しているのは二割くらいなもので、あとはみな浮草であった。','','','',4),(1670,'しかも固定要員たちは、新参者たちをみな追い払った。','','','',4),(1671,'彼らは週に平均して四十ドルないし五十ドル稼ぎ、ときには六十ドルか六十五ドルないしは百ドル近くの収入があった。','','','',4),(1672,'つまり、普通の平社員よりもはるかに多くの収入をあげていて、しばしば彼らの監督の給料をしのぐ場合すらあったのである。','','','',4),(1673,'ところが、新参者になると、週に十ドル稼ぐのもむつかしかった。','','','',4),(1674,'なかには、一時間働いただけで仕事に見切りをつけ、電報の束を屑箱やどぶに捨てて、やめてしまうものもいた。','','','',4),(1675,'しかも彼らは、やめるとすぐ給料を払ってくれと要求するのである。','','','',4),(1676,'なぜなら、この仕事の経理は、はなはだ複雑な仕組みになっていて、一人の配達人がどれだけ稼いだかは、すくなくとも十日たたなければ判然としなかったからである。','','','',4),(1677,'私は最初のうちは、志願者をそばに坐らせて、仕事の内容を懇切丁寧に説明してやった。','','','',4),(1678,'声がかれて、出せなくなるまでは説明をつづけた。','','','',4),(1679,'だが、まもなくその労力を節約して、きびしい訊問にふり向けなければならぬことを知った。','','','',4),(1680,'彼らは、揃いもそろって、悪辣なペテン師とまではいかなくとも、生来の嘘つきばかりであった。','','','',4),(1681,'その大部分は、何度も雇われては馘になった経歴の持主である。','','','',4),(1682,'なかには、他の職を探すための絶好の足がかりと心得てくるものさえあった。','','','',4),(1683,'電報配達人をしていれば、普通なら立ち入る機会のないようなさまざまな会社や事務所を訪ねることが多いからである。','','','',4),(1684,'さいわい、志願用紙をくばる役をしていた守衛の老人が、信頼のおける男で、しかもカメラのような目をもっていた。','','','',4),(1685,'それに、私の背後には何冊かの大きな原簿があり、それには、いままでにここで採用された志願者の記録が残らず保存されていた。','','','',4),(1686,'それは、警察の犯罪記録書とよく似ていて、あれやこれやの犯罪を表示する赤インクの記号でうずまっている感じがした。','','','',4),(1687,'私はその証拠書類を一目見て、たいへんなところへ勤めたものだと思った。','','','',4),(1688,'ほとんど、どの名前を見ても、窃盗だの、詐欺だの、狂暴性ありだの、痴呆性、変態、白痴などの文字が見られた。','','','',4),(1689,'もし私が礼儀作法などにこだわる人間であったら、採用されることもなかったであろう。','','','',4),(1690,'私は、すばやく仕事のこつをおぼえなければならなかった。','','','',4),(1691,'しかもそれは、それらの記録や周囲のものに教わるのではなく、経験によって会得すべき性質のものであった。','','','',4),(1692,'志願者を判断する基礎材料は無数にあった。','','','',4),(1693,'私は、それらを一目見て、すばやく決定しなければならないわけだ。','','','',4),(1694,'たとえジャック・ロビンソンほど手早くやれたとしても、わずか一日で採用できる数は、たかが知れていた。','','','',4),(1695,'しかも、いくらたくさん雇い入れても、それで足りるということが全然なかった。','','','',4),(1696,'翌日には、また同じことがくりかえされたわけである。','','','',4),(1697,'たった一日しかつづかないことがわかっているものでも、雇わないわけにはいかなかった。','','','',4),(1698,'そもそもこの機構そのものがまちがっていたのだが、そんな機構などを批評するのは、私の柄ではなかった。','','','',4),(1699,'私はただ雇ったり馘にしたりする役目しかもっていないのだから。','','','',4),(1700,'私は、非常な速度で回転している円盤の中心にいた。','','','',4),(1701,'中心以外では、どんなものも、それにへばりついていられないわけである。','','','',4),(1702,'それは修理工を必要としていたが、しかし、上役たちの理論によれば、その機械組織には、なんら悪いところはなく、たまに調子の狂うことがあるだけで、それ以外はすべての点で申しぶんがなかった。','','','',4),(1703,'たまに調子が狂うと、癇癪や窃盗や暴力主義者や性倒錯者などその他もろもろのろくでなしどもを招き入れることになる。','','','',4),(1704,'ときにはストライキやロックアウト騒ぎを起すこともあった。','','','',4),(1705,'しかしながら、彼らの理論によれば、そんなときには、でっかい箒を振りまわして大掃除してしまうべきなのだ。','','','',4),(1706,'もしくは警棒や銃を持ち出して、機構そのものが根本的にまちがっているのだという幻想に悩まされている哀れな白痴どもに、やきを入れてやれば、それでＯＫなのであった。','','','',4),(1707,'また、ときには神に関する説教を聞かせたり、会衆一同で合唱したりするのもよかろうし、あるいは、たまにボーナスをやることも望ましい、','','','',4),(1708,'ただし、それは説得ぐらいではおさまりそうもないほど事態が悪化しかけたときのことである。','','','',4),(1709,'しかし、概して重要なことは、たえず雇い入れ、首を切りつづけることであった。','','','',4),(1710,'人的資源と弾薬のあるかぎり、われわれは、そうして溝をうめながら前進しなければならなかった。','','','',4),(1711,'話は変るが、ハイミーは、しょっちゅう下痢どめの錠剤をのんでいた。','','','',4),(1712,'糞がたまっているのなら、もういいかげんに出てもよさそうなものだが、全然出なかった。','','','',4),(1713,'まるで小便をしているようなのだ、というのである。','','','',4),(1714,'便器に汚れを流しているような妄想にとりつかれていた。','','','',4),(1715,'しかし事実は、彼は一種の催眠状態にあったのだ。','','','',4),(1716,'彼が面倒をみなければならぬ支局は百を越えておる。','','','',4),(1717,'それぞれの支局に、仮説的とはいわなくとも、たぶんに架空的な配達要員がいる。','','','',4),(1718,'彼らが実在するものであろうと架空のものであろうと、雲をつかむようなものであろうとなかろうと、私が穴埋めをしているあいだ、ハイミーは朝から晩まで彼らを動かしていなければならなかった。','','','',4),(1719,'これもまた一種の、まったく空想的な仕事であった。','','','',4),(1720,'なぜなら、新参者を急用でどこかの事務所へ派遣しても、はたして今日つくか明日つくか、あるいは永遠につかないか、まったくわからなかったからである。','','','',4),(1721,'あるものは、地下鉄のなかで消え、あるものは摩天楼の迷路のなかで行方《ゆくえ》不明になった。','','','',4),(1722,'またあるものは日がな一日エレベーターに乗って遊んでいた。','','','',4),(1723,'制服を着ていれば自由にエレベーターに乗れるわけだし、おそらく彼らはそれまでエレベーターに乗って一日を遊び暮したことなどなかったのであろう。','','','',4),(1724,'私の名前は何ですか？','','','',7);
/*!40000 ALTER TABLE `jp_ori` ENABLE KEYS */;
UNLOCK TABLES;

--
-- Table structure for table `jp_trans`
--

DROP TABLE IF EXISTS `jp_trans`;
/*!40101 SET @saved_cs_client     = @@character_set_client */;
/*!40101 SET character_set_client = utf8 */;
CREATE TABLE `jp_trans` (
  `jt_id` int(11) NOT NULL auto_increment,
  `jt_text` text NOT NULL,
  `jt_translator` varchar(255) default NULL,
  `jt_publisher` varchar(255) default NULL,
  `jt_pub_date` varchar(255) default NULL,
  `ch_num` int(11) NOT NULL,
  PRIMARY KEY  (`jt_id`),
  KEY `jt_jk` (`ch_num`),
  CONSTRAINT `jt_jk` FOREIGN KEY (`ch_num`) REFERENCES `ch_ori` (`ch_id`) ON UPDATE CASCADE
) ENGINE=InnoDB AUTO_INCREMENT=2049 DEFAULT CHARSET=utf8;
/*!40101 SET character_set_client = @saved_cs_client */;

--
-- Dumping data for table `jp_trans`
--

LOCK TABLES `jp_trans` WRITE;
/*!40000 ALTER TABLE `jp_trans` DISABLE KEYS */;
INSERT INTO `jp_trans` VALUES (1504,'なかには、ステイテン島へ出かけて、ついでにはるばるカナリーズまで足をのばすやつもいたし、また昏睡状態になって警官につれもどされてくるやつもいた。','','','',1504),(1505,'また、なかには、自分の住家を忘れて完全に姿を消してしまうものもいた。','','','',1505),(1506,'ニューヨークの要員として雇ったやつが、一ヵ月後には、けろりとしてフィラデルフィアの支社にあらわれることもあった。','','','',1506),(1507,'また、目的地へ向って出かけたものの、途中で新聞売りのほうが割がいいように思えてきた。','','','',1507),(1508,'そちらへ鞍がえして、会社から支給された制服を着たまま新聞を売っていたものが現れた。','','','',1508),(1509,'また、あるものは、なにか奇妙な自己防衛本能にかられて、まっすぐ留置場へ行ってしまった。','','','',1509),(1510,'ハイミーは、朝、事務所へつくと、まず鉛筆をけずる。','','','',1510),(1511,'どんなに電話がかかってきても、彼は頑としてそれを無視して、念入りに鉛筆をけずり立てる。','','','',1511),(1512,'後日、彼が説明したところによると、なによりもさきに鉛筆をとがらしておかないと、それっきりけずるひまがなくなるのだという。','','','',1512),(1513,'つぎに彼は、窓の外をちらと眺めて、その日の天気の模様を見る。','','','',1513),(1514,'それから、いつもそばにおいてある石板の上端に、けずったばかりの鉛筆で小さな四角を書き、そのなかに天候報告を書きこむ。','','','',1514),(1515,'これは、しばしば有力な弁解の資料になるのだと彼は説明した。','','','',1515),(1516,'もし雪が一フィートもつもったり、みぞれで地面がべとべとに濡れていたりしたら、これ以上敏速に遊軍を配置することができないといって弁解できる。','','','',1516),(1517,'雇用主任も、そんな日には、完全に配達要員を補充できなくても許されるのではなかろうか、というのである。','','','',1517),(1518,'しかし、彼が鉛筆をけずってからすぐ電話交換台にとじこもる前に、なぜ小用をたしに行かないのか、私には、ふしぎでならなかった。','','','',1518),(1519,'その理由についても、彼は後日私に説明してくれた。','','','',1519),(1520,'要するに、一日のあいだには、きまって、さまざまな悶着が起きたり、苦情が出たり、便秘状態や空隙ができたりして、仕事が中断されるわけである。','','','',1520),(1521,'事務所の一日は、まず、とてつもなく音がでかくて臭気の強い放屁や、くさい息や、過敏な神経や、癲癇や、脳膜炎や、低賃金や、未払いになっている給料や、破れた靴や、たこや底豆、扁平足やガニ股、落すか盗まれるかした万年筆、どこかへおき忘れた手帳、どぶに浮んでいた電報、豪雨で切られた電信線、能率的な新方式、廃棄された旧方式、いつかは暮しが楽になるだろうという希望、いつまでたっても出ないボーナスに対するうらみがましい祈りなどからはじまる。','','','',1521),(1522,'新米の配達人どもは、勇ましく塹壕からとび出して突撃し、機関銃で撃ち倒される。','','','',1522),(1523,'古参者どもは、大きなチーズのかたまりに食らいついたネズミのように、下へ下へともぐる。','','','',1523),(1524,'満足しているものは一人もいず、とくに一般市民の不満はひどかった。','','','',1524),(1525,'サンフランシスコから送信されるのに十分もかからない電報が、名宛人にとどくまでには、一年かかるかもしれない。','','','',1525),(1526,'へたをすると全然とどかないかもしれないのだ。','','','',1526),(1527,'また、福祉連盟のマローリ氏は、仮出獄している模範囚のうち、電報配達人でも、他のどんな仕事でもいいから使ってもらいたいという希望をもっている。','','','',1527),(1528,'私と相談したいから、時間をさいて会ってほしいと申しこんできた。','','','',1528),(1529,'また、ユダヤ人救済会のグーゲンホッファー女史は、苦境におちいっている貧困家庭を援助してもらえないだろうかと言ってきた。','','','',1529),(1530,'なぜ貧困かといえば、家族に病弱者や不具者や廃疾者がいるためであった。','','','',1530),(1531,'家出少年の救済事業をしている某氏は、この仕事に向いた少年が何人かいるから使ってほしい、と言ってきた。','','','',1531),(1532,'それらの少年はみな継父や継母にいじめられて家を飛び出したのだそうである。','','','',1532),(1533,'人物については絶対保証するから、よろしく面倒をみてやってほしいというニューヨーク市長の紹介状をもって一人の男がやってきたことがある。','','','',1533),(1534,'だが、なぜ市長自身その紹介状の持参者に仕事をあたえないのか、私はふしぎでならなかった。','','','',1534),(1535,'私の肩の上に上体を乗り出させて、男は、たったいま、なにやら書きしるした紙片を黙って私に手渡した。','','','',1535),(1536,'ぼくは、なんでもわかるのですが、耳がきこえないのです。','','','',1536),(1537,'ルーサー名乗る男が、ぼろぼろのコートの前を安全ピンで合わせて、彼の横に立っていた。','','','',1537),(1538,'ルーサーは七分の二は純粋のインディアンで、あとの七分の五がドイツ系アメリカ人だという。','','','',1538),(1539,'同じインディアンでも、彼の場合はモンタナ州のクロー族である。','','','',1539),(1540,'彼がそれまでやっていたのは、窓に日除けをとりつける仕事であった。','','','',1540),(1541,'いま持っているズボンはみな尻がぬけているので、ご婦人の前でハシゴにのぼるのが恥ずかしいのだと言った。','','','',1541),(1542,'昨日さる病院を出たばかりで、まだすこし足腰がふらつくけれども、電報を配達するくらいのことはやれると思う、とも言った。','','','',1542),(1543,'それからミッシという男、私がこの男を忘れるはずはなかった。','','','',1543),(1544,'彼は私とひとこと言葉をかわすために、午前中ずっとならんで待っていたのである。','','','',1544),(1545,'私は、彼が何度も送ってよこした手紙に全然返事を出していなかった。','','','',1545),(1546,'私はまちがっていたのでしょうかと彼は丁重な口ぶりでたずねた。','','','',1546),(1547,'それはもちろん、まちがっているよ、と私は答えた。','','','',1547),(1548,'私は、彼が看護人をしていた犬猫病院から私に送った最後の手紙を、ぼんやり思い出していた。','','','',1548),(1549,'彼は、その職をやめたことを後悔している、と言った。','','','',1549),(1550,'しかしそれは、私の父が口やかましくて、私に、なんの娯楽も、戸外の慰安もあたえてくれなかったからです','','','',1550),(1551,'さらに彼は、私はもう二十五歳です、と言い出した。','','','',1551),(1552,'もはや父といっしょに寝るべきではないと考えます。','','','',1552),(1553,'あなたは、たいへん立派な人だとうけたまわっております。','','','',1553),(1554,'信頼すべき老人が、彼の横に立って、私が合図するのを待っていた。','','','',1554),(1555,'老人は彼を追い帰そうとしていたのである','','','',1555),(1556,'なぜなら、いまから五年前に彼が制服を着たまま本社の前の歩道の上にひっくりかえり、癲癇の発作を起したから。','','','',1556),(1557,'この老人は、そんなことをよくおぼえていたから。','','','',1557),(1558,'私は、この哀れな男に、チャンスをあたえてやるつもりになった。','','','',1558),(1559,'比較的仕事のひまなチャイナタウンへやることにしようと考えた。','','','',1559),(1560,'こうして、彼が奥の部屋で制服に着替えているあいだ、私は、もう一人の天涯の孤児の弁舌を聞かされていた。','','','',1560),(1561,'もし私を雇ってくれるなら、私は、毎週日曜日、教会へ行ったときに、あなたのために祈ってあげたいと思う。','','','',1561),(1562,'ただし、執行猶予中なので、係官に報告に行かなければならない日曜日は、かんべんしてもらいたい、というのであった。','','','',1562),(1563,'彼は、べつに悪いことをしたわけではなさそうである。','','','',1563),(1564,'仲間の少年をちょっと押したところが、相手がよろけて倒れたひょうしに頭を打って死んでしまったものらしい。','','','',1564),(1565,'つぎはジブラルタルの元領事である一人の男だった。','','','',1565),(1566,'きれいな字を書く男で、あまりにきれいすぎる。','','','',1566),(1567,'私はこの男に、夕方もう一度きてほしい、と言った。','','','',1567),(1568,'どこか、ちょっとくわせものみたいな感じがしたからであった。','','','',1568),(1569,'そうこうするうちに、彼が着替え室で発作を起した、ほんとうにきわどいところで助かったわけである。','','','',1569),(1570,'もし地下鉄などで発作を起したら、私は、たちまち馘になるところであった。','','','',1570),(1571,'同僚が出口を指さして見せたものだから、まっ赤になって怒っていた。','','','',1571),(1572,'おれは、体はぴんぴんしてるし、力だって強いんだぞ。','','','',1572),(1573,'彼はそうわめきたてたかと思うと、それを証明するために、たくましい片腕で椅子を持ちあげて、こなごなに打ち砕いてしまった。','','','',1573),(1574,'私が机へもどると、私あての電報が一通、その上にのっていた。','','','',1574),(1575,'開いてみると、支社の元電報配達人ジョージからのものであった。','','','',1575),(1576,'こんなに早くやめなければならなくなったことは、はなはだ残念ですが、この仕事は怠惰な私の性格に合いません。','','','',1576),(1577,'私も労働と質素倹約の熱烈な礼讃者ではありますが、しかしながら人間というものは自分の自尊心を抑制しえなくなるときが、しばしばあるものです','','','',1577),(1578,'当初のうちは、上からは頭をおさえられ、下からは足かせをはめられながらも、とにかく熱狂的に仕事をした。','','','',1578),(1579,'私は理想をもって、副社長がよろこぼうとよろこぶまいと、それを実行に移した。','','','',1579),(1580,'ほとんど十日ごとに叱られ、あまりに大胆すぎるという理由で説教をくった。','','','',1580),(1581,'私は自分のポケットには金をもっていなかったが、他人の金を自由に使うことができた。','','','',1581),(1582,'社の雇用主任だということで信用があったのだ。','','','',1582),(1583,'私はいつも平気でひとびとに金をくれてやった。','','','',1583),(1584,'洋服でも、下着でも、本でも、余分なものは、ことごとく人にあたえた。','','','',1584),(1585,'もし私がその実権を握っていたら、寄ってたかって私にせがむ貧乏な亡者どもに、会社までそっくりくれてやったことだろう。','','','',1585),(1586,'私は十セントくれといわれると五十セントやり、一ドルほしいといわれると五ドル渡した。','','','',1586),(1587,'どんなに多額の金でも、気前よくあたえた。','','','',1587),(1588,'なぜなら、貧しい悪魔どもにことわるより、よそから借りて渡すほうが気が楽だったからである。','','','',1588),(1589,'私は貧しい自分の生涯中に、これほど悲惨な人間どもの集団を見たことがなかった。','','','',1589),(1590,'したがって私はそれを二度と見たくなかったのである。','','','',1590),(1591,'人間はあらゆる点で貧しかった、過去もつねにそうであったし、将来もつねにそうであるだろう。','','','',1591),(1592,'しかし、その底には目に見えないほど小さな焔が燃えていた。','','','',1592),(1593,'そして、その火をかきたてる勇気さえあれば、炎々と燃えあがらせることもできるのである。','','','',1593),(1594,'私は、思いやりをかけすぎるな、感傷的になりすぎるな、と絶えず戒められた。','','','',1594),(1595,'きびしく、冷酷にやれと彼らは私にそう注意した。','','','',1595),(1596,'くそくらえだ、おれはあくまで寛大に、思いやり深く、すなおに、慈悲と寛容とまごころをつくそう、と私は心ひそかに反駁した。','','','',1596),(1597,'そして、当初のうちは、一人一人の話に、終始熱心に耳をかたむけた。','','','',1597),(1598,'もしその男に職をあたえることができず、しかも私が金を持っていない場合には、タバコをやるか勇気をつけてやるかした。','','','',1598),(1599,'とにかく、あたえることに専心した、こうして私は、じつに瞠目すべき結果を得た。','','','',1599),(1600,'親切な行為、ないし誠意のある言葉の効果は、まことにはかり知れないものがあった。','','','',1600),(1601,'私は、それと交換に、大きな感謝と、好意と、かずかずの招待と、感傷的ながら心のこもった、ささやかな贈りものとを受けたのである。','','','',1601),(1602,'もし私が荷馬車の第五の車輪ではなくて、強大な実力を有していたなら、およそ成しとげえないことはなかっただろうと思う。','','','',1602),(1603,'電信会社を、人類を神へ送りとどけるための基地にすることもできただろう。','','','',1603),(1604,'北アメリカや南アメリカやカナダを同じように変革することもできたにちがいない。','','','',1604),(1605,'私はその秘訣を知っていた、それは、親切であること、寛大であること、忍耐強いことである。','','','',1605),(1606,'私は五人ぶん働き、三年のあいだ、ほとんど眠らなかった。','','','',1606),(1607,'また私は、満足な下着一枚もっていなかった。','','','',1607),(1608,'朝出がけに電車賃がなく、かといって妻に借りるのもいやだし、子供の貯金をくすねるのもおとなげない気がしたので、地下鉄の駅の盲目の新聞売りの男をだましたこともある。','','','',1608),(1609,'方々から、あまり借金しすぎたので、もしそのまま二十年も働いていたら、おそらく返済しきれないほどの額になったにちがいない。','','','',1609),(1610,'私は、金をもっている人たちからとって、困っている人たちにわけてやった。','','','',1610),(1611,'それは正しいことであったし、もし私が、ずっと同じ地位にいたなら、なんべんでも、同じことをくりかえしたにちがいない。','','','',1611),(1612,'私はまた、前述した労務者のすさまじい変動をぴたりととめるという奇蹟をすらやってのけた。','','','',1612),(1613,'これはだれしも望んでさえみなかったことであった。','','','',1613),(1614,'だが、経営者たちは、私の努力を支援するどころか、陰にこもった手段で、それを妨害した。','','','',1614),(1615,'彼らの理論によれば、賃金が高すぎたから労務者の変動がなくなったのだ、ということになるらしい。','','','',1615),(1616,'だからそんな理由で彼らは賃金をへらしたのであった。','','','',1616),(1617,'それはまるでバケツの底をぶち抜いたようなものであった。','','','',1617),(1618,'全組織が、いっぺんにくずれて、私の頭上にのしかかってきたのである。','','','',1618),(1619,'しかし彼らは、なにくわぬ顔で、ただちにその穴うめをするように、と私に命令した。','','','',1619),(1620,'そして、彼らの受けた打撃を、いくぶんでも緩和するためには、ユダヤ人の比率を増加させてもいいし、ときには、どうにか仕事のできる程度の不具者なら採用してもかまわない。','','','',1620),(1621,'その他、これまで厳禁していたことをすべて許す、と言いだしたのである。','','','',1621),(1622,'私は腹立ちまぎれに、なんでもかまわず手当り次第に採用しはじめた。','','','',1622),(1623,'もし、電報を配達するために必要なわずかばかりの知能を野馬やゴリラに授けることができるなら、たぶん私は野馬でもゴリラでも採用したことだろう。','','','',1623),(1624,'数日前までは、締切時間には、わずか五人か六人の欠員しかなかった。','','','',1624),(1625,'ところがいまは、三百人から五百人ぐらいの欠員ができた、配達員たちは、まるで砂が穴から漏れるようにどんどんやめて行ったからである。','','','',1625),(1626,'それは、まったく信じられないほどであった。','','','',1626),(1627,'私は椅子にふんぞりかえったまま、一言も質問せずに、志望者を束にして採用した。','','','',1627),(1628,'そのため、一〇一もある各支局の支局長たちは、震えあがってしまって、私は一日じゅう笑いつづけた。','','','',1628),(1629,'自分の手で生みつつあるてんやわんやの結果を想像すると、おかしくて、笑いがとまらなかった。','','','',1629),(1630,'予想どおり、各方面から、いっせいに苦情が舞いこんできた。','','','',1630),(1631,'配達業務は遅滞し、半身不随になり、麻痺してしまった。','','','',1631),(1632,'私が雇い入れた白痴どものなかには、常識では考えられないほど足のおそい連中が、かなりいたのである。','','','',1632),(1633,'新時代の長所は、婦人配達員の採用という形となってあらわれた。','','','',1633),(1634,'このことで、社内の雰囲気を一変させたのであった。','','','',1634),(1635,'わけてもハイミーにとっては、じつに思いがけない神の賜物であったらしい。','','','',1635),(1636,'彼は配達員の配置表をいじくりまわしているときにも私のほうがよく見えるように交換台の位置を移動した。','','','',1636),(1637,'仕事がふえたにもかかわらず、彼は嬉々として働いた。','','','',1637),(1638,'いつも笑顔で出勤し、一日じゅうにこにこしていた。','','','',1638),(1639,'彼はまさに天国にいるような顔つきであった。','','','',1639),(1640,'一日の仕事が終るころには、一応くどいてみる価値のある女が、たいがい五、六人は見つかった。','','','',1640),(1641,'それらの女に、職場をあたえるという約束をし、うまく口車に乗せて目的をはたすわけである。','','','',1641),(1642,'酒の好きな女の場合には、ハイミーは酒壜をかかえて行った。','','','',1642),(1643,'そして、相手が親切にしてくれ、しかも実際に金に困っているときには、ハイミーは景気よく札ビラをきり、そのときの情況に応じて、五ドルか十ドルくらい握らせてやった。','','','',1643),(1644,'私は、彼がいつもポケットに用意しているその札ビラのことを思うと、うらやましくてならなかった。','','','',1644),(1645,'彼がそれをどこで手に入れたのか、私には、まったく見当がつかなかった。','','','',1645),(1646,'なぜなら彼は社内で最も給料が安かったからである。','','','',1646),(1647,'しかし彼は、いつも札束をポケットに入れていて、私が頼むと、いくらでも貸してくれた。','','','',1647),(1648,'しかも、ある日、予期しないボーナスが入ったので、私が彼から借りていた金を残らず返済すると、彼はすっかり恐縮ししていた。','','','',1648),(1649,'その晩、私をデルモニコに招待し、気前よく散財した。','','','',1649),(1650,'そればかりか、翌日は私に帽子とシャツと手袋を買って贈りたいといってきかなかった。','','','',1650),(1651,'以上が、二年ばかり後の事務所の概況である。','','','',1651),(1652,'私はそのあいだ、多種多様な人間性にふれ、多彩な経験をつんだ。','','','',1652),(1653,'そして、いつかその体験を記録する機会がきたときに使うつもりで、気分の落ちついたときに、その覚え書きをつくっておいた。','','','',1653),(1654,'それからまもなく、私が、ある気まぐれな怠慢行為について注意を受けていた際に、副社長が、ふとちょっと気になる言葉を洩らした。','','','',1654),(1655,'電報配達人を題材にして、だれかホレーショ・アルジャーばりの小説を書いたらおもしろいだろうと思っているのだが、きみ、ひとつ書いてみたらどうかね。','','','',1655),(1656,'私は、彼という人間の愚劣さかげんに、いささか腹がたっていたが、心中ひそかに思うところがあって、内心ほくそえんだ。','','','',1656),(1657,'もうすこしたったら、おれが思うぞんぶん書きまくってやる。','','','',1657),(1658,'彼の部屋を去るとき、私の頭のなかを、いろいろな想念が、めまぐるしくかけめぐっていた。','','','',1658),(1659,'大勢の老若男女が、私の手のあいだを通りすぎながら、泣きわめき、嘆き訴え、呪い、罵っているのが見えた。','','','',1659),(1660,'彼らがハイウェイに残していったわだちの跡、床の上に横倒しになった貨物列車、ぼろをまとった親たち、空っぽの石炭箱、水のあふれている流し、汗をかいた壁、その冷たい汗のしずくのあいまをぬって狂ったように駆けまわっている油虫なども見えた。','','','',1660),(1661,'彼らが体のねじけた小鬼のような格好で、びっこをひきながら歩いて行く姿や、癲癇の発作を起して、ゆがめた口のあいだから、だらだらよだれを流し、手足をひきつらせながら、うしろへひっくりかえる姿が見えた。','','','',1661),(1662,'壁がぱっくり割れて、害虫の群れが、まるで翼のある流動物のように湧き出してくる。','','','',1662),(1663,'しかも連中は、確固たる理論にもとづいて超然と構え、それが過ぎ去るのを待っている。','','','',1663),(1664,'口に大きな葉巻をくわえ、机に足をのせて、ものごとというものは、たまには調子が狂うことがあるものさ、などとうそぶきながら、いささかも動ぜず、すべてが無事におさまるのを、のほほんと待ちつづけているのが、私の目には、ありありと見えた。','','','',1664),(1665,'病めるアメリカの夢であるホレーショ・アルジャーの小説の主人公が、つぎつぎに出世し、電報配達人をふり出しに、電話交換手から主任になり、課長、局長、副社長、社長に昇進し、さらには実業界の大立者になり大御所になり、それから全アメリカの支配者になり、金力の神になり、神のなかの神、人のなかの人になり、高遠な無に、小数点以下九万七千個のゼロのつづく状態へと近づいて行くのが、私には、手にとるように見えた。','','','',1665),(1666,'そんなにおれの小説が読みたければ、十二人のまったくゼロにひとしい人間が、いくら踏みつぶそうとしてもつぶれない十二匹のウジ虫が、きさまの腐った会社の土台に穴をあけてゆくありさまを、綿密に描いてお目にかけようじゃないか。','','','',1666),(1667,'すべての汚濁と臭気の払い清められた黙示の翌日のホレーショ・アルジャーの姿を、とっくりとお目にかけようじゃないか。','','','',1667),(1668,'世界のあらゆる国の人間が、救いを求めて私のもとへやってきた。','','','',1668),(1669,'未開の蛮族をのぞけば、その群団に加わっていない民族は一つもないといってよかった。','','','',1669),(1670,'アイヌ人、マオリ人、パプア人、ヴェダ人、ラプランド人、ズールー人、パタゴニア人、イゴロート人、ホッテントット人、トアラ人などをのぞき、また、いまは滅亡してしまっているタスマニア人、グリマルディ人、アトランタ人などをのぞけば、地上のあらゆる種族の代表者がきていた。','','','',1670),(1671,'いまだに太陽を崇拝している二人の兄弟は、古代アッシリア帝国にその源を発するネストリウス派の後継者であった。','','','',1671),(1672,'また、マルタ島生まれのマルタ人の双児や、ユカタン生れのマヤ人の末裔もいた。','','','',1672),(1673,'フィリピン生れの私たちの褐色の同胞も数名いたし、アビシニア帝国のエチオピア人も何人かいた。','','','',1673),(1674,'アルゼンチンの大草原育ちの男もいたし、モンタナで食いはぐったカウボーイもいた。','','','',1674),(1675,'私の記憶にあるかぎりでは、フランス人は一人しかいず、その一人も、わずか三時間しかつづかなかった。','','','',1675),(1676,'アメリカ・インディアンも数人いたが、さすがにチベット人やエスキモー人は一人もいなかった。','','','',1676),(1677,'また私は、いまだかつて夢想だにしなかったような名前や、楔形文字はもちろんのこと、ややこしくも美しく鮮やかに書かれた漢字にいたるまで、かずかずの筆跡をみることができた。','','','',1677),(1678,'さらに私のもとに職を求めてきた男たちの前歴も種々さまざまであった。','','','',1678),(1679,'白日の下に行われるあらゆる殺伐なことが彼らの生業となっていた。','','','',1679),(1680,'彼らは、あとからあとからひきもきらずに押しかけてきた、仕事を、タバコ代を、車代を、チャンスを求めてきた。','','','',1680),(1681,'おねがいです、神さま、もう一度チャンスをめぐんでください。　','','','',1681),(1682,'もしこの世に聖者がいるとするなら、これこそ聖者というものだろうと思えるような人間にも何度か会った。','','','',1682),(1683,'いかにも食べすぎらしい学者や食い足りないらしい学者にも数多く会って、話をかわした。','','','',1683),(1684,'また、内奥に神火を抱き、もう一度チャンスをあたえられる価値はあるが、電信会社の副社長になる価値はないことを、全能の神に確信させることのできる人たちの話にも、私は、たびたび耳をかたむけた。','','','',1684),(1685,'私は自分の机に釘づけにされながら、電光のごとき速度で世界じゅうを旅行してまわった。','','','',1685),(1686,'そして、どこへ行っても同じように、飢えや屈辱、無知、悪徳、貪欲、搾取、陰謀、拷問、独裁、人間が人間に加える残虐行為、手かせ足かせ、鞭、拍車のあることを知った。','','','',1686),(1687,'人間は、才知がとぼしければ乏しいほど、世の風当りが強いようだ。','','','',1687),(1688,'彼らは、あのぶざまな屈辱的な最低の制服をまとって、ニューヨークの市中を歩きまわった。','','','',1688),(1689,'海雀か、ペンギンか、去勢牛か、飼いならされたアザラシか、狂ったゴリラか、辛抱強い雌ロバか、図体のでっかい雄ロバか、釣り餌でごまかされている素直な狂人か、ワルツを踊っている二十日ネズミか、てんじくネズミか、リスかウサギのように歩きまわっていた。','','','',1689),(1690,'しかも、彼らのなかのじつに多くが、世界を支配するにふさわしい人間であり、他に類のない偉大な本を書くにふさわしい人間であった。','','','',1690),(1691,'私の知っている何人かのペルシャ人やヒンズー人やアラブ人について考え、彼らの性格や資質、優雅さ、聡明さ、高潔さを思いあわせてみた。','','','',1691),(1692,'私は堕落したイギリス人や強情なドイツ人や狡猾で独善的なフランス人など、世界の征服者である白人に、はげしい侮蔑感をおぼえた。','','','',1692),(1693,'そもそも地球は、一個の大きな有情の存在であり、人間の飽充した天体であり、ためらいながら訥々として自己を表現する生きた天体なのだ。','','','',1693),(1694,'それは、白色人種の住家でもなく、黒色人種、あるいは黄色人種、あるいは所属不明の灰色人種の住家でもなくて、人間の住家なのである。','','','',1694),(1695,'人間は神の前では平等であり、たとえいまはそうでないとしても、これから百万年後には、そうなるはずのものなのだ。','','','',1695),(1696,'フィリピンの褐色の同胞も、いつかはふたたび繁栄するであろう','','','',1696),(1697,'殺戮された南北アメリカのインディアンも、いま各大都市が煤煙と悪疫を噴きあげている大平原を、ふたたび馬に乗って疾駆する日がくるであろう。','','','',1697),(1698,'最終の決定権を握っているのはだれか、人間だ、地球は人間のものなのだ。','','','',1698),(1699,'なぜなら、人間は地球であり、その火であり、水であり、空気であり、その鉱物質および植物質であるからだ。','','','',1699),(1700,'また、広大無辺にして不朽不滅であるあらゆる天体の精神に通じる精神、人間を介して変容し、無限の表象と表示とによって変容する精神である。','','','',1700),(1701,'待て、電信会社の俗物ども、鉛管の修理工事の終るのを待っている天上の悪魔ども。','','','',1701),(1702,'待て、きさまらの鬼畜の蹄と、機械と武器と病菌とで地球を汚しまわったけがらわしい白人の征服者ども。','','','',1702),(1703,'豪奢な椅子に安閑と坐って銭勘定ばかりしているばか者どもよ、待て、話はまだ終っていないのだ。','','','',1703),(1704,'この物語が終る前に、最後の人間に心ゆくばかり語らせようではないか。','','','',1704),(1705,'最後の有情の分子にいたるまで、公平に扱われるべきだし、また扱われるだろう。','','','',1705),(1706,'だれもが、わけても北アメリカの俗物どもは、すべて公平な裁きを受けるはずである。','','','',1706),(1707,'やっと私が休暇をとれるときがきたとき思いきって三週間の休暇をとり、十二人の男に関する本を書きはじめた。','','','',1707),(1708,'私はそれまで、会社の繁栄のためにつくすのに熱心なあまり三年間に一度も休暇をとらなかったのである。','','','',1708),(1709,'一日五、六千語、ときには八千語も書きまくった。','','','',1709),(1710,'私は、いやしくも作家たるべきものは、一日にすくなくとも五千語は書かなければならないと考えていた。','','','',1710),(1711,'一瞬にして、一冊のなかで、すべてを言いつくし、しかる後に斃れる底の覚悟が必要だと考えていた。','','','',1711),(1712,'文章作法などは、まったく知らなかった。','','','',1712),(1713,'だが私は、北アメリカ人的意識からホレーショ・アルジャーを拭い去る決心だけはしていた。','','','',1713),(1714,'おそらくそれは古今未曾有の悪書であったろう。','','','',1714),(1715,'原稿は厖大な枚数にのぼり、はじめから終りまで、まちがいだらけであった。','','','',1715),(1716,'しかし、それは私の処女作であり、私はそれに惚れこんでいた。','','','',1716),(1717,'ジッドが言ったように、もし私が金をもっていたなら、自費で出版しただろう。','','','',1717),(1718,'ホイットマンが言ったような勇気を、もし私がもっていたなら、私はそれを戸ごと売りあるいただろう。','','','',1718),(1719,'私が原稿を見せた人はみな口をそろえて、ひどいことを書くものだと批評した。','','','',1719),(1720,'本を書くなどというだいそれた考えは捨てたまえと忠告した。','','','',1720),(1721,'人は一人前の署名ができるまでに自分の名前を何万べんも書かなければならないと言ったバルザックの言葉が、いまさらのごとく思い出された。','','','',1721),(1722,'書きはじめてから間もなく、本を書くためには、すべてを断念した。','','','',1722),(1723,'書く以外のことを、なにもしてはならないこと、そして、たとえ世界じゅうの人間がそれに反対しても、たとえだれひとり自分を信じなくても、書いて書いて書きまくらなければならないことを、思い知らなければならなかった。','','','',1723),(1724,'たぶんだれも自分を信じないからこそ書くのかもしれない。','','','',1724),(1725,'ありていにいえば、人々を信じさせたいために書くのであろう。','','','',1725),(1726,'その本が、彼らの言うように妥当性を欠き、まちがいだらけで、へたくそで、まことに恐るべきものであったとしても、それは当然である。','','','',1726),(1727,'私は天才が最後にとりあげそうな問題に最初から取り組もうとしたのだ。','','','',1727),(1728,'それが、私は最後の言葉を最初に言おうとしたのだ。','','','',1728),(1729,'それは、はなはだ不合理な試みであり、あまりにも感傷的すぎたようである。','','','',1729),(1730,'そして、無慚な失敗に終ったが、しかしながら、それは私のバックボーンに筋金を入れ、私の血に硫黄を入れてくれた。','','','',1730),(1731,'すくなくとも私は失敗がいかなるものであるかを知った。','','','',1731),(1732,'それに大きな試みがいかなるものであるかを知った。','','','',1732),(1733,'いま、あの本を書いた当時の事情を考え、私がその作品のなかに組み入れようとした圧倒的な素材を考え、私がそのなかに包含させようとした問題を思うとき、ひそかに私は得意の念を禁じえない。','','','',1733),(1734,'私は、あのようなみじめな失敗をしたことを誇りに思う。','','','',1734),(1735,'もし私が成功していたなら、私は人間ではなくて怪物になっていただろう。','','','',1735),(1736,'ときおり古い手帳を開き、私が書こうと思っていた人物の名前を見るたびに、私は、はげしい目まいを感じる。','','','',1736),(1737,'その一人一人の人物が、各自の世界を背負って私の前に立ちあらわれるのである。','','','',1737),(1738,'私の前へやってきては、その荷物を私の机の上にどさりとおろすのだ。','','','',1738),(1739,'彼らは、私が彼らに代ってその荷物を背負ってやることを期待していた。','','','',1739),(1740,'なぜなら、私は自分の世界をつくるひまがなかったのだ。','','','',1740),(1741,'ただアトラスの神のように、天の重みに耐えてじっとしていなければならなかった。','','','',1741),(1742,'彼は象の背の上で両足を踏みしめて、その象は亀の背の上に立っていた。','','','',1742),(1743,'その亀が、なんの上に立っていたかをせんさくするのは、気ちがい沙汰というべきであった。','','','',1743),(1744,'当時私は、事実以外のことは、なにも考えようとしなかった。','','','',1744),(1745,'事実の底に達するためには、芸術家になる必要があるわけだが、人間は一夜で芸術家になれるわけのものではない。','','','',1745),(1746,'それにはまず徹底的にうちのめされ、自分の思想の相剋に苦しまなければならない。','','','',1746),(1747,'個体としてふたたび生れ変るためには、まず自分を滅ぼさなければならぬ。','','','',1747),(1748,'自我の公分母から浮びあがるためには、自分を炭化し鉱物化しなければならぬ。','','','',1748),(1749,'人間存在の根源でものを感じるためには憐憫の感情を越えなければならぬ。','','','',1749),(1750,'事実では、新しい天国も地球も創ることができない。','','','',1750),(1751,'大体、そういくつも事実があるわけではないのだ。','','','',1751),(1752,'強いていえば、世界じゅうのあらゆる場所のあらゆる人間が各自のさだまった道を歩いているという唯一の事実があるだけなのである。','','','',1752),(1753,'あるものは遠い道を行き、あるものは近道を行く。','','','',1753),(1754,'そして、すべての人間が、めいめい思い思いの方法で運命を切りひらいているわけである。','','','',1754),(1755,'我慢強く親切で寛大になる以外に、だれも他人を助けてやることができないのである。','','','',1755),(1756,'私は熱情にうかされていたために、いまでは明らかなことでも、当時は、なにか不可解なことのように思われた場合が多かった。','','','',1756),(1757,'たとえば私が選んだ十二人の男の一人、カーナハンの場合もそうである。','','','',1757),(1758,'彼は、配達人のなかでは、いわゆる模範生であった。','','','',1758),(1759,'著名な大学の卒業生であり、健全な知識人であり、典型的な人格者であった。','','','',1759),(1760,'彼は毎日十八時間ないし二十時間働き、配達人のなかでは最高の稼ぎ高をあげていた。','','','',1760),(1761,'彼が担当した顧客たちは、彼に対する最大の讃辞を書きつらねた手紙を送ってよこした。','','','',1761),(1762,'そこで、しばしば彼は、幹部社員に抜擢しようという申し出を受けたのであるが、さまざまな理由をつけて、その申し出をことわった。','','','',1762),(1763,'彼は他の都市に住んでいる妻と子供たちに給料の大半を仕送りして、自分は、つつましく暮していた。','','','',1763),(1764,'ただ、この男には欠点が二つあった、酒と出世欲である。','','','',1764),(1765,'彼は、一年じゅう一滴の酒も飲まずに暮すことができたが、一滴でものむと正体をうしなうのであった。','','','',1765),(1766,'ウォール街で二度も莫大な金を握ったことがあるのだが、職を求めて私のところへやってくる前には、すっかり落ちぶれて、どこか小さな町の教会の寺男になりさがっていた。','','','',1766),(1767,'そして、聖餐用のブドウ酒をしこたま飲んで一晩じゅう鐘を鳴らしたために、その職場から追い出された。','','','',1767),(1768,'だが彼は、まじめで、誠実で、熱心であった。','','','',1768),(1769,'私は彼に全幅の信頼を寄せ、その信頼は、なんの汚点もない彼の勤務記録によって報いられた。','','','',1769),(1770,'ところが彼は、残酷にも、自分の妻子を射ち、その拳銃で自分の命を絶とうとしたのであった。','','','',1770),(1771,'不幸中のさいわいで彼らは、だれも死ななかった。','','','',1771),(1772,'一家そろって病院に運ばれ、みんな全快したのだった。','','','',1772),(1773,'彼が刑務所に移されたあとで、私は彼の妻に会いに行き、なんとか彼を助ける方法を講じてほしいと頼んだ。','','','',1773),(1774,'しかし彼女は頑として私の依頼を拒絶したのだった。','','','',1774),(1775,'あんな卑劣な残酷なけだものは、死刑になったほうがいい。','','','',1775),(1776,'わたしは彼が首をくくられるのを見てやりたい、というのである。','','','',1776),(1777,'私は二日間ぶっつづけに彼女に懇願したが、彼女は、てんで受けつけてくれなかった。','','','',1777),(1778,'私は刑務所へ行き、金網をへだてて彼と話をした。','','','',1778),(1779,'そして、彼がずっと以前から権威筋と親しくしていて、すでにある種の特典をあたえられていることを知った。','','','',1779),(1780,'だから彼は、いささかも意気銷沈していなかった。','','','',1780),(1781,'それどころか、獄中のひまな時間を大いに活用して販売術に関する研究をするつもりだとはりきっていた。','','','',1781),(1782,'出所したら、アメリカのセールスマンになるつもりだと言った。','','','',1782),(1783,'話した様子はまるで幸福そのもののようであった。','','','',1783),(1784,'なんとか自分の道を切りひらいて行くから心配はいらないと言った。','','','',1784),(1785,'みんなが自分に好意を寄せているから、なんの不便もないとも言った。','','','',1785),(1786,'それで、私は半ば茫然としながら彼と別れたのであった。','','','',1786),(1787,'近くの海岸へ行って、めちゃくちゃに泳いでみたくなった。','','','',1787),(1788,'なんか新しい目がひらけたような気さえした。','','','',1788),(1789,'この男に関する考察に没頭しすぎて家へ帰るのを忘れてしまった。','','','',1789),(1790,'彼の身にふりかかったあらゆる禍いが福に転じないと、だれが断言できよう。','','','',1790),(1791,'もしかしたら彼はセールスマンになる代りに一人前の福音伝道者となって刑務所を出るかもしれない。','','','',1791),(1792,'彼がなにをやるかは、だれも予測できないのだ。','','','',1792),(1793,'そしてまた、だれも彼を助けることができなかったのである。','','','',1793),(1794,'なぜなら彼は、彼独自の方法で自分の運命を切りひらいて行こうとしていたのだから。','','','',1794),(1795,'ほかに、グプタルという名前のヒンズー人がいた。','','','',1795),(1796,'この男は、品行方正の見本であったばかりでなく、聖人そのものであった。','','','',1796),(1797,'彼はフルートが大好きで、みすぼらしい小さなアパートの一室にとじこもって、フルートを吹いていることが多かった。','','','',1797),(1798,'ある日、彼が裸のまま咽喉を耳の下まで切りえぐられて息絶えているのが発見された。','','','',1798),(1799,'そして、枕もとに彼のフルートがころがっていたのだった。','','','',1799),(1800,'彼の葬式のときには、彼を殺したアパートの管理人の妻をふくめて多くの女性が熱い涙をしぼった。','','','',1800),(1801,'彼は私がこれまで会ったなかで最も真摯な、最も高潔な青年であった。','','','',1801),(1802,'だれの感情を害したこともなく、だれからもなに一つ盗んだことがない。','','','',1802),(1803,'平和と愛をひろめるためにアメリカへ渡ってくるという基本的な過ちをおかしたこの青年について、ゆうに私は一冊の本を書くことができた。','','','',1803),(1804,'さらに、もう一人の誠実な、仕事以外のことはなにも考えないほど勤勉な配達人、デイヴ・オリンスキがいた。','','','',1804),(1805,'彼は一つだけ致命的な欠点をもっていた、それは饒舌だったことである。','','','',1805),(1806,'彼は私のところへくるまでに、世界を七回もまわり、そのあいだ生きる糧を得るためにやったことを、すべて話のたねにした。','','','',1806),(1807,'自分の言語学的な才能を、かなり鼻にかけていた。','','','',1807),(1808,'彼は、なんでも気持よく引きうけて熱心にやる人のよさが破滅の原因となる人間の一人であった。','','','',1808),(1809,'あらゆる人に手をさしのべて助けてやりたがり、あらゆる人に成功の道を説いて聞かせたがった。','','','',1809),(1810,'また彼は、われわれの手がまわらないほど仕事をほしがった、仕事の虫であった。','','','',1810),(1811,'私は彼をイースト・サイドの支局へやるとき、暗黒街で働くのだから、気をつけるようにと警告してやるべきだったかもしれない。','','','',1811),(1812,'彼は、十分心得ているような態度で、ぜひその地区で働かせてもらいたいとせがむので、私はなにも言わなかった。','','','',1812),(1813,'言わずとも、そこへ行けばすぐ、いやというほど思い知らされるだろうと考えていたのだ。','','','',1813),(1814,'予想どおり、彼は、たちまち災厄に出会った。','','','',1814),(1815,'ある日、近所のユダヤ人の青年がやってきて、頼信紙をくれと言った。','','','',1815),(1816,'配達人のデイヴは、そのとき受付のそばにいたが、その青年の横柄な態度が気にさわって、もうすこし丁寧な言い方をしたらどうか、と注意した。','','','',1816),(1817,'そしてとたんにその青年から横っ面を一発張られた。','','','',1817),(1818,'彼は、いきりたって、持前の饒舌ぶりを発揮したのだが、それがかえっていけなかった。','','','',1818),(1819,'たちどころに鉄拳のあらしに見舞われ、彼の歯は数本咽喉の奥に飛びこみ、顎の骨が三ヵ所ほど砕けた。','','','',1819),(1820,'だが彼は、それでもこりず、愚かにも警察へ訴えたものである。','','','',1820),(1821,'それから一週間後に、彼がベンチに坐って居眠りしていると、愚連隊の一味が闖入してきて、あっという間に彼を打ちのめしてしまった。','','','',1821),(1822,'彼の頭は、めちゃくちゃに叩きつぶされ、脳味噌が、まるでオムレツを砕いたようにはみ出した。','','','',1822),(1823,'あげくのはてに彼らは、金庫の中身を、きれいにかっぱらい、金庫をひっくり返して引きあげた。','','','',1823),(1824,'デイヴは病院へ運ばれる途中で死んでしまった。','','','',1824),(1825,'聞くところによれば、彼は靴下のつまさきに、大枚五百ドルを大事にかくしていたそうである。','','','',1825),(1826,'そのほかに、クラウゼンとその妻レナの例もある。','','','',1826),(1827,'記憶から当時、彼は家族同伴で仕事を応募してきた。','','','',1827),(1828,'レナが乳のみ子を抱き、彼は小さな二人の子供の手をひいていた。','','','',1828),(1829,'彼は職業安定所からまわされてきたのであった。','','','',1829),(1830,'私は、彼が固定給をもらえるように、夜勤の配達人として雇ってやることにした。','','','',1830),(1831,'それから数日して、仮出獄中のため、監視官のところへ出頭しなければならないので、休ませてもらいたい、というあまり感服しない手紙を彼から受けとった。','','','',1831),(1832,'さらに、しばらくして、また私に手紙をよこした。','','','',1832),(1833,'それは、女房がこれ以上子供をつくりたくないからといって、いっしょに寝るのをこばむので、恐縮だが一度女房に会って、いっしょに寝るように説得してもらえまいか、という手紙であった。','','','',1833),(1834,'私は彼のところへ行ってみた、イタリア人街の地下の穴倉のような部屋で、さながら瘋癲病院の一室を見るような感じであった。','','','',1834),(1835,'レナはまた妊娠して、すでに七ヵ月もたち、白痴的状態にあった。','','','',1835),(1836,'彼女は、地下はむし暑いし、また彼とはもう二度と関係したくないので、屋上で寝るようにしているのだと言った。','','','',1836),(1837,'いまさら関係しようとしまいと同じことではないかと私がいうと、彼女は上目づかいに私を見やって、しらじらしく笑った。','','','',1837),(1838,'クラウゼンは戦争に出たことがあるから、ひょっとしたら毒ガスのために多少頭脳をおかされていたのかもしれない。','','','',1838),(1839,'とにかくこの男は、やたらに口から泡を吹いた。','','','',1839),(1840,'そして、もし女房が屋上へ行くのをやめなかったら、彼女の脳味噌を叩きつぶしてやるとわめいた。','','','',1840),(1841,'そして、女房が屋上で寝たがるのは、屋根裏に住んいでる炭坑夫と姦通するためだという意味をほのめかした。','','','',1841),(1842,'レナは、それに対して、また、ヒキガエルのようなしらじらしい微笑を返した。','','','',1842),(1843,'クラウゼンは、かっとなって、いきなり彼女の尻を蹴とばした。','','','',1843),(1844,'彼女は憤然として子供をつれて家をとび出した。','','','',1844),(1845,'彼は大声で、出て行けとどなりつけてから、箪笥をあけて大きなコルト銃をとり出した。','','','',1845),(1846,'いつかこれが必要になるだろうと思ってしまっておいたのだと私に説明した。','','','',1846),(1847,'それからまた、ナイフを四、五本と、自分でつくったブラックジャックみたいなものを私に見せた。','','','',1847),(1848,'かれはさめざめと泣きながら、女房はおれをだましていたのだ、と言った。','','','',1848),(1849,'近所じゅうの男と相手かまわず寝るような女房のために、あくせく働くのがいやになった、とも言った。','','','',1849),(1850,'彼は、たとえ子供をつくりたくても、つくる機会がなかったのだから、レナの子は、いずれも彼の子ではなかったらしい。','','','',1850),(1851,'その翌日、レナが買物に出かけたあとで、彼は子供たちを屋上につれ出し、私に見せたブラックジャックみたいなもので子供たちの脳味噌を叩きつぶし、','','','',1851),(1852,'そして自分もまっさかさまに屋上から身を投げた。','','','',1852),(1853,'レナは帰ってきて事件を知ったとたんに気が狂ってしまった。','','','',1853),(1854,'警官たちは彼女に狂人用の拘束服を着せて救急車を呼ばなければならなかった。','','','',1854),(1855,'また、シュールディヒという、犯しもしない罪のために、二十年間も刑務所で暮した薄ばかがいた。','','','',1855),(1856,'彼は自白する前に死ぬほど殴りつけられ、それから、ひとり隔離された部屋に監禁され、飢餓と拷問と変態行為と麻薬に苦しめられた。','','','',1856),(1857,'やっと釈放されたときには、もはや人間ではなくなっていた。','','','',1857),(1858,'彼は、ある晩、監獄ですごした最後の三十日間の模様や、悶々として、ただひたすらに釈放されることを待ちつづける苦しみについて、私に語ったことがある。','','','',1858),(1859,'私にとっては夢にも考えられないような話ばかりであった。','','','',1859),(1860,'およそ人間がそのような苦悶に耐えうるとは、とうてい思えなかった。','','','',1860),(1861,'こうして釈放されたものの、彼は、むりに罪を犯させられて、また刑務所にぶちこまれるのではないかという不安と恐怖にとりつかれていた。','','','',1861),(1862,'そして、おれはいつも尾行され、監視され、永久に追われているのだと嘆いた。','','','',1862),(1863,'やつらは、おれを使嗾して、なにかおれのしようとも思っていないことをさせようとしているのだ。','','','',1863),(1864,'やつらというのは、彼を尾行し、ふたたび彼を刑務所へつれ戻すためにやとわれている刑事たちのことである。','','','',1864),(1865,'夜、彼が眠っていると、彼らは、たえず彼の耳もとでささやくのであった。','','','',1865),(1866,'しょっぱなに彼らから催眠術をかけられていたために、彼は彼らに対しては、まったく無力であった。','','','',1866),(1867,'ときどき彼らは彼の枕の下に麻薬をおいて行った。','','','',1867),(1868,'それといっしょに拳銃やナイフをおいて行くこともあった。','','','',1868),(1869,'そんなふうにして彼に、だれか罪のない人間を殺させ、今度こそ確証を握って彼を逮捕しようとねらっていたのである。','','','',1869),(1870,'そして、ある晩、電報を一束ポケットに入れたまま数時間さまよい歩いた末、交番にかけこんで、拘留してくれと頼んだ。','','','',1870),(1871,'自分の名前も、住所も、自分の勤めている会社すら思い出せなかった。','','','',1871),(1872,'自分がだれであるのか、さっぱりわからなくなっていた。','','','',1872),(1873,'そして、ただうわごとのように、こうくりかえすだけであった。','','','',1873),(1874,'おれは、なにも悪いことなんぞしてやしねえんだ。','','','',1874),(1875,'彼らは、また彼をひどい拷問にかけたのであった。','','','',1875),(1876,'やがて彼は、とつぜん飛びあがり、気ちがいのように叫んだ、白状します。','','','',1876),(1877,'そして、つぎからつぎと、さまざまな罪状を告白しはじめた。','','','',1877),(1878,'それから、ある悲惨な事件の告白のまっ最中に、突如として、しゃべるのをやめた。','','','',1878),(1879,'かれはまるでとつぜん目がさめたように、あたりをきょろきょろ見まわしていた。','','','',1879),(1880,'かと思うと、狂人のみがもつ速度と勢いで猛然と部屋を突っ走り、石の壁に頭をぶっつけた。','','','',1880),(1881,'私は、これらの出来事をただ私の心をかすめるままに、簡単に、あわただしく書きつらねているにすぎない。','','','',1881),(1882,'私の記憶には、さらに多くの、無数の詳細な出来事や、顔や、そぶりや、逸話や、告白が、さながらヒンズー教の寺院の精密な細工をほどこした巨大な外貌のように錯綜しているのである、','','','',1882),(1883,'石でつくったものではなくて、人間の肉体の体験の所産であるあの寺院、すべて現実によって建立された巨大な夢の殿堂である。','','','',1883),(1884,'現実そのものではなくて、人間存在の謎を汲み入れた器にすぎない。','','','',1884),(1885,'私は、無知と善意から、何人かの青年たちをいやしてやるためにつれて行った療養所の情景を、いまでもまざまざと思い起すことができる。','','','',1885),(1886,'あの場所の雰囲気をつたえるためには、魔術師が生きた神経を抜こうとしている歯医者のそぶりをまねて狂気の伝達者として描かれているヒエロニムス・ボッシュの絵を思いうかべてもらうのが、最も効果的だと思う。','','','',1886),(1887,'わが国の科学的な開業医なるもののあらゆるいかさま療法やまやかしごとが、法律の全面的な賛助と黙認を得てあの診療所を営んでいる柔和なサディスト的人物に神格化されているのである。','','','',1887),(1888,'彼は、とんがり帽をかぶっていないだけで、あとはカリガリ博士と瓜二つであった。','','','',1888),(1889,'彼は分泌腺の秘密の調節を心得、中世の封建君主の権力をあたえられ、患者にあたえる苦痛の度合いを見なかったことにした','','','',1889),(1890,'医学的知識以外のことは、なにも知らないふうをよそおった。','','','',1890),(1891,'彼ははあたかも鉛管工が下水管の修理をはじめるようなぐあいに人間の器官の修繕にとりかかるのであった。','','','',1891),(1892,'そして、患者の組織に投入する毒薬に加えて、必要な場合には、自分の拳骨や膝にまで頼った。','','','',1892),(1893,'そのため、ありとあらゆることが反応を正当化した。','','','',1893),(1894,'被害者が昏睡状態におちいっている場合には、彼は相手をどなりつけ、顔を殴りつけ、腕をつねり、ところかまわず打ったり蹴ったりした。','','','',1894),(1895,'反対に、被害者があまり活動的な場合にも、力を倍増させるだけで、やはり同じ方法を用いた。','','','',1895),(1896,'患者の感情や感受などは全然問題ではなかった。','','','',1896),(1897,'彼が、いかなる反応を得ることに成功したにしろ、それはただ内分泌腺の機能を調節する法則のあらわれであり、その実証にすぎなかった。','','','',1897),(1898,'彼の治療法の目的は患者を社会に適合させることにあった。','','','',1898),(1899,'だが、いかに彼が早く処理しようと、また彼がいかに成功しようと失敗しようと、社会は急速に、よりいっそう適合しないものへと変化して行くのである。','','','',1899),(1900,'一部の患者は、信じがたいほど順応性をうしなっていたために、彼が定評のある反応を得ようとして彼らの頬をこっぴどく殴りつけたりすると、逆にアッパーカットをくわせたり、きんたまを蹴あげたりして反応を示した。','','','',1900),(1901,'たしかに、彼の患者の多くは、彼が診断したとおり、第一期の犯罪者であった。','','','',1901),(1902,'全大陸が地すべりを起していたのだ、いまでもそうだ。','','','',1902),(1903,'そして、修理の必要なのは内分泌腺ばかりではなくて、ボールベアリングも、防護器官も、骨骼も、大脳も小脳も、尾てい骨、膵臓、肝臓、大腸、小腸、心臓、腎臓、睾丸、子宮、ラッパ管その他、呪われた五体のあらゆる部分が、そうだったのである。','','','',1903),(1904,'国全体が無法状態にあり、暴力的で、険悪で、悪魔的になっていたのだ。','','','',1904),(1905,'空気そのものにも、気候にも、壮大な風景にも、地平線に横たわる岩石の森にも、渓谷の岩を咬んで流れる奔流にも、理解を越えた距離にも、天上の乾ききった荒地にも、青々と茂った作物にも、途方もなく大きな果物にも、ドン・キホーテ的血統の混合物にも、宗派や分派や信条の雑然たる堆積にも、法規と言語の対当関係にも、気質や主義や要求や必要条件の自家撞着にも、すべてそれがあらわれていたのである。','','','',1905),(1906,'大陸は、かくれた暴力や、太古の怪物の骨や、滅亡した民族や、闇に包まれた神秘に満ちていた。','','','',1906),(1907,'大気は、しばしば強烈な電気をおびるために、霊魂が肉体から遊離させられ、血迷って暴れ狂った。','','','',1907),(1908,'すべては、雨のように、過剰に降りかかってくるか、まったく降らないかであった。','','','',1908),(1909,'全大陸は巨大な火山であり、その噴火口は、ときたま、夢と恐怖と絶望の、動くパノラマによって隠蔽された。','','','',1909),(1910,'アラスカからユカタンまで、おなじ様相を呈していた。','','','',1910),(1911,'自然が支配し、自然が征服しているのだ。','','','',1911),(1912,'いたるところに殺戮と掠奪の基本的な衝動がうごめいていた。','','','',1912),(1913,'外見は立派な高邁な人間に見える住民たち、健康で楽天的で勇敢な彼らも、内部には、ウジ虫が充満していた。','','','',1913),(1914,'ちょっとしたはずみで彼らは発狂するのである。','','','',1914),(1915,'ロシアで起きたように、突如として一人の男が、すごい剣幕で躍りこんでくるといったことが、しばしば起った。','','','',1915),(1916,'彼らは、まるで季節風に刺激されたかのように、だしぬけに怒り狂ってくるのであった。','','','',1916),(1917,'十中八、九まで、彼らは善良な男であり、だれからも好かれている人間であった。','','','',1917),(1918,'しかし、いったん怒りたつと、手のつけようがなかった。','','','',1918),(1919,'目かくしされた馬のようなものであった。','','','',1919),(1920,'したがって、そんな男を処理する最善の方法は、その場で射殺することであった。','','','',1920),(1921,'平和を愛するものにかぎって、そんなふうになるものだ。','','','',1921),(1922,'かれらはとつぜん、抑えられずに発狂してしまうのである。','','','',1922),(1923,'アメリカでは、毎日いろんな人間が発狂している。','','','',1923),(1924,'彼らの必要としているのは、精力のはけ口であり、血の欲望のはけ口なのだ。','','','',1924),(1925,'ヨーロッパは定期的に戦争によって血をしぼりとられてきた。','','','',1925),(1926,'アメリカは平穏無事で、共食いをつねとしてきた。','','','',1926),(1927,'外見は、雄蜂がせわしげに群れかさなりながらうごめいている平和な蜜蜂の巣のように見える。','','','',1927),(1928,'だが、その内部をのぞけば、住民がたがいに隣人を殺しあい、その骨の髄から体液を吸いあっている精神病院なのである。','','','',1928),(1929,'表面的には線の太い男らしい世界のように見える。','','','',1929),(1930,'だが実際は、原住民の子孫が主人役をつとめ、凶悪な異国人が肉を売りながら、女たちによって営まれている淫売屋なのだ。','','','',1930),(1931,'だれひとり、どっかと腰をすえ、満ち足りた気持を味わうことしか知らない。','','','',1931),(1932,'そんなことは、すべてが、地獄の火までが、たくみにでっちあげられた映画のなかでしか起らないのである。','','','',1932),(1933,'全大陸は、健やかな眠りのなかにあり、その眠りのなかで、ある壮大な悪夢がはじまりつつあるのだ。','','','',1933),(1934,'その悪夢のまっただなかで、私よりもやすらかに眠れたものは他にはいないだろうと思う。','','','',1934),(1935,'戦争がはじまっても、それはただ私の車が一種のかすかな騒音をたてただけであった。','','','',1935),(1936,'私の同国人と同様、私も、平和愛好者にして、かつ共食いをつねとしていた。','','','',1936),(1937,'大量殺戮の場に送られる何百万の人間が、さながらアズテック民族の滅び去ったときのように、あるいはインカ民族やレッド・インディアンや野牛のそれのように、雲のかなたへ消え去っていった。','','','',1937),(1938,'人々は深刻な感動を受けたふりをよそおっていたが、事実はそうではなかった。','','','',1938),(1939,'眠りながら、ただ発作的に寝がえりをうっただけであった。','','','',1939),(1940,'だれひとり食欲をうしなわなかったし、飛び起きて警鐘を鳴らしたものもいなかった。','','','',1940),(1941,'戦争があったことに、はじめて私が気づいたのは、休戦後六ヵ月ほどたってから、十四番街の横断線の電車のなかでだった。','','','',1941),(1942,'われらの英雄の一人である胸に勲章をならべたテキサス人が、その電車のなかから、たまたま歩道を歩いている一人の士官を目にとめると、にわかに怒りだした。','','','',1942),(1943,'彼自身は軍曹だったから、たぶん怒るべき理由があったのだろう。','','','',1943),(1944,'とにかく、その士官の姿を見て憤然とした彼は、席を蹴って立ちあがり、政府を、軍隊を、一般人を、車中の乗客を、あらゆる人、あらゆるものを罵倒しはじめた。','','','',1944),(1945,'万一また戦争が起っても、おれは絶対に二十歳の阿呆どもといっしょに戦争にひっぱり出されるようなことはしないぞ。','','','',1945),(1946,'二度と戦争へ行くくらいなら、世の中のろくでなしどもを、みな殺しにしてやったほうがましだ、などとどなりたてた。','','','',1946),(1947,'こんな勲章なんぞにだまされてたまるものかと言い、ほんとうにそう考えていることを示すために、勲章を全部むしりとって窓から外へ投げすてた。','','','',1947),(1948,'もしまた塹壕のなかへ将校といっしょに入るようなことになったら、おれは野良犬を射つみたいに奴らを背後から射ち殺してやる。','','','',1948),(1949,'相手がパーシング元帥であろうと、ほかの元帥であろうと、同じことだ。','','','',1949),(1950,'彼はさらに口から出放題に、ながながと罵詈雑言をならべたてたが、それに反駁しようとして口を開くものは一人もいなかった。','','','',1950),(1951,'そして、彼の怒号が終ったとき、私は、はじめて戦争があったことを知り、私が耳をかたむけて聞いていた相手の男は戦争に行っていたらしいこと、勇敢に戦ったにもかかわらず、戦争は彼を臆病者にしたことを知った。','','','',1951),(1952,'もし彼がふたたび人を殺す場合には、細心の注意を払って、しかも冷酷無慚な殺しかたをするだろう。','','','',1952),(1953,'また、いかなる人も彼を電気椅子へ送る勇気は持ちえないだろうということを感じた。','','','',1953),(1954,'なぜなら彼は、自分の神聖な本能を抹殺しなければならぬという同胞に対する義務を遂行した人間である。','','','',1954),(1955,'かつまた、神と祖国と人道の名によって、一つの犯罪が他の犯罪を浄化するものとすれば、すべてが公明正大であったということになる。','','','',1955),(1956,'私が二度目に戦争の実感を味わったのは、夜勤の配達人で元軍曹のグリスウォルドが、ある日怒り狂って、ある停車場の近くの支局を、めちゃくちゃに叩きこわしてしまったときである。','','','',1956),(1957,'会社の首脳部は彼を追い出すべく、私のもとへまわしてよこしたが、私は彼を馘にする気になれなかった。','','','',1957),(1958,'彼があまりにも見事に破壊工作をなしとげたので、私は、むしろ彼を抱きしめ、手をとりあってよろこびたかった。','','','',1958),(1959,'彼が、あのビルの二十五階か六階か、とにかく社長室と副社長室のある階へのぼって行って、残忍非道なあの一味を掃討してくれることをキリストに祈るばかりであった。','','','',1959),(1960,'だが、処罰という名目を立てるうえからも、またその事件が度のすぎた笑劇であるという見解に賛同するためにも、彼を罰しなければならない。','','','',1960),(1961,'でないと、私自身がそのために罰せられる羽目におちいった','','','',1961),(1962,'他にうまい思案もうかばぬままに、それまで歩合制だった彼の賃金を固定給制に引き下げることにした。','','','',1962),(1963,'彼は、私が彼に味方していることに気づかず、ひどく私を恨んで、すぐさま手紙をよこした。','','','',1963),(1964,'一両日中に、きさまの家へ行くが、こっぴどく叩きのめしてやるから、そのつもりでいろ。','','','',1964),(1965,'会社を終えてから行くことになるが、もし恐かったら、腕っぷしの強い男を何人か頼んで、護衛してもらったらどうか。','','','',1965),(1966,'私は彼が決してでたらめを言わない男であることを知っていたので、いささか慄然たる思いでその手紙をおいた。','','','',1966),(1967,'しかしながら、護衛を頼むなどということは、よりいっそう卑怯な気がしたので、ただ一人で彼を待っていた。','','','',1967),(1968,'それは、一種のなんともいえない奇妙な体験であった。','','','',1968),(1969,'たとえ私が彼の手紙のなかで名づけられていたように悪党で鼻もちならぬ偽善者であるにしても、彼自身、あまり感服しないことをやらかした人間であってみれば、ああする以外に私の立つ瀬がなかったことを、彼は私を一目見た瞬間わかったようであった。','','','',1969),(1970,'そしてまた、私たちは結局おなじ運命にあり、軌を一にし、ともども弱い立場に立っていることを彼はさとったらしかった。','','','',1970),(1971,'彼が外見は依然として憤りに燃え、口から泡を吹いていた。','','','',1971),(1972,'内面的には、気力が衰え、やわらぎ、うち萎えた状態だった。','','','',1972),(1973,'私のほうへつかつかと進んできたとき、私は、ふとそんなことを感じた。','','','',1973),(1974,'私自身についていえば、彼が入ってくるのを見た瞬間、私の抱いていた恐怖は、あとかたもなく消えてしまった。','','','',1974),(1975,'私がたったひとりで静かに待っていたことと、私が非力で、とうてい防禦できないことが、彼の虚を突く結果となった。','','','',1975),(1976,'いや、彼の虚を突くつもりでいたわけではないが、結果的には、そんな格好になり、したがって当然私はそれを利用した。','','','',1976),(1977,'彼は腰をおろした瞬間、ゼリーのようにやわらいでしまった。','','','',1977),(1978,'もはや、たくましい男ではなくて、大きな子供にすぎなかった。','','','',1978),(1979,'機関銃をもたせれば、いささかもひるまずに敵の大軍と応戦し、敵を壊滅させることができる。','','','',1979),(1980,'いったん後方陣地に退いて、武器をもたず、明確な目に見える敵がいなくなると、まるで蟻のように無力になってしまう大きな子供が、おそらく戦場には何百万もいたにちがいない。','','','',1980),(1981,'すべては食物の問題の周囲を回転していたのだ。','','','',1981),(1982,'食物と家賃、それが戦いとるべき目標のすべてなのだ。','','','',1982),(1983,'しかしそれをかちとるための明確な方法、目に見える道は、まったくなかった。','','','',1983),(1984,'優秀な装備をした強力な軍隊が、目に見える敵なら、いかなる大軍でも壊滅させるだけの力をもっている。','','','',1984),(1985,'しかし作戦上の必要から、陣地をうしない、武器をうしない、糧秣や弾薬をうしない、睡眠も勇気もうしない、ついには生命までもうしなう。','','','',1985),(1986,'そんなことがわかっていても、毎日、毎日、退却につぐ退却を余儀なくされている。','','','',1986),(1987,'食物と家賃を手に入れるために戦う人間がいるところでは、かならず、濃霧をくぐり、暗闇をついて、この退却がつづけられているのだ。','','','',1987),(1988,'作戦上やむをえないというだけの理由によって退却する。','','','',1988),(1989,'それが彼を悩ませ、思いつめさせていたのである。','','','',1989),(1990,'戦うのはやさしいが、食物と家賃のために戦うのは、幽霊の軍隊と戦うようなものである。','','','',1990),(1991,'彼は、すっかり当惑し、混乱し、絶望にうちひしがれ、頭をかかえて私の机の上にわっと泣きくずれた。','','','',1991),(1992,'こうして彼が涙にむせんでいるあいだに、とつぜん電話のベルが鳴った。','','','',1992),(1993,'副社長室からだった、しかし、副社長自身は決して電話に出なかった。','','','',1993),(1994,'いつも副社長室からという電話ばかりだった、それは、グリスウォルドという例の男を即刻馘にせよという命令だった。','','','',1994),(1995,'私は、はい、承知しました、と答えて電話を切った。','','','',1995),(1996,'それから、そのことについては、なにも言わずに、彼の家へ行き、彼の妻や子供たちといっしょに夕食を食べた。','','','',1996),(1997,'そしてまず、あの命令が、どこから、どういう理由で出されたのかを、つきとめようと考えた。','','','',1997),(1998,'翌朝、私は不機嫌な顔で、まっすぐに副社長室へ行き、副社長に直接会いたいと申し出た。','','','',1998),(1999,'そして、あの命令を出したのは、あなたですか、なぜ彼を馘にしなければいけないのですか、と問いつめた。','','','',1999),(2000,'それから私は瘋癲病院へ帰って、いつものように仕事をはじめた。','','','',2000),(2001,'むろん私は、その日のうちに解雇通知を受けることを覚悟していた。','','','',2001),(2002,'たぶんあの問題は、いまでも調査中なのだろう。','','','',2002),(2003,'なぜなら、グリスウォルドは、あいかわらず彼らのもとで働いているし、彼らは彼を事務員に抜擢したくらいだから。','','','',2003),(2004,'彼の場合は、事務員になると配達人のときよりも給料が減るからである。','','','',2004),(2005,'だが、とにかくそれは彼の自尊心を満足させたばかりでなく、彼の気勢をそぐのに、かなり役立ったことも、たしかだった。','','','',2005),(2006,'しかしながら、これは、ある男が眠っているとき、ふとしたはずみで英雄になったために起った出来事なのである。','','','',2006),(2007,'いずれにしても、それは最初から終りまで殺伐な詐欺策謀の地獄であり、あくどい茶番狂言の連続であった。','','','',2007),(2008,'私は途中で目がさめたので、私もまたそのなかにいることに気がついた。','','','',2008),(2009,'そして、目がさめるとすぐ、そこを見すてて立ち去った。','','','',2009),(2010,'入って行ったときと同じドアから愴惶として立ち去ったのである、失礼しますとも言わないで。','','','',2010),(2011,'ものごとは瞬間的に発生するが、その瞬間に到達するまでには長い経過があるものである。','','','',2011),(2012,'なにかが起ったときに直接感じられるのは、ただ爆発の事実そのものだけで、その寸前には火花しか感じられない。','','','',2012),(2013,'だが、あらゆるものごとは、法則にしたがって、また全宇宙の全面的同意と協力とを得て、発生するのである。','','','',2013),(2014,'私が起ちあがって、あの爆弾を投げつけるまでには、的確に準備をととのえ、導火線を正しくつけなければならなかった。','','','',2014),(2015,'すこし休息したいと思って、夜分家へ帰っても、だれかが、そこで私を待っていた。','','','',2015),(2016,'ときには、客が群れをなして待っていて、家へ帰っても帰らなくても、たいしてちがいのないようなこともあった。','','','',2016),(2017,'私のつくった友人たちは、それぞれたがいに仲間のものを軽蔑しあった。','','','',2017),(2018,'たとえばスタンリーは他の友人たちを全部軽蔑していた。','','','',2018),(2019,'彼は数年ほどアメリカをはなれていて、そのころヨーロッパから帰ってきたばかりだった。','','','',2019),(2020,'少年時代以後は、たがいにあまり会う機会もなかったが、ある日、偶然に街で出会った。','','','',2020),(2021,'その目は、くだらん、全然くだらんとたえずこう言っているようであった、。','','','',2021),(2022,'彼は、そんなことは口にしなかったが、しかし何度も、こうくりかえした。','','','',2022),(2023,'すばやく追いかけて、また彼をつかまえたかったが、できなかった。','','','',2023),(2024,'彼から、その話をもっと何度も何度も詳しく聞きたかったのだ。','','','',2024),(2025,'路上でめぐり会う機会を得た結果、私たちは、その後数ヵ月にわたって、ひんぱんに会うようになった。','','','',2025),(2026,'たいがい彼が夕食後私を訪ねてきて、いっしょに近くの公園を散歩した。','','','',2026),(2027,'他の世界に関する話は、どんなに些細なことでも、私を魅了した。','','','',2027),(2028,'タクシーで雨のあとの街を疾走しているときなどに、彼の描いたパリが、ちらと目をかすめることがある。','','','',2028),(2029,'彼は適切に自分を表現できないとき、自嘲的な調子で、そんなふうにいうことがあった。','','','',2029),(2030,'他の世界に関する話に織りまぜて、ロレンスの作品の実質や感触について語りあうことも多かった。','','','',2030),(2031,'公園に人影が絶えてしまってからも、長いあいだベンチに坐りつづけて、ロレンスの思想の本質について議論した。','','','',2031),(2032,'いま、それらの議論をふりかえってみると、当時の私が、いかに混乱していたか、ロレンスの言葉の真実の意味をいかに知らなかったかが、よくわかる。','','','',2032),(2033,'もし私がそれをほんとうに理解していたなら、これまでの私の人生は、きっとちがった道をたどっていたにちがいない。','','','',2033),(2034,'われわれアメリカ人の多くは、その人生の大半が水中に沈んでいるのだ。','','','',2034),(2035,'すくなくとも私の場合には、アメリカをはなれて、はじめて表面にうかびあがることができたといえる。','','','',2035),(2036,'たぶんそれは、アメリカ自体とは、なんの関係もないことかもしれないが、しかし、私が偶然パリを発見したとき、はじめて目が広く大きく、はっきりと開いたという事実は残るのである。','','','',2036),(2037,'しかも、おそらくそれは、私がアメリカを捨て、私の過去と絶縁したからだと考える以外にはない。','','','',2037),(2038,'友人のクロンスキは、いつも私の陶酔ぶりをあざけっていた。','','','',2038),(2039,'奇妙な言いかたかもしれないが、私は一度も私自身になったことがなかった。','','','',2039),(2040,'オバマ大統領は日本の安全保障に対する承諾を再び言明、安倍首相は歴史問題に対する謝罪を拒否','','','',2040),(2041,'    米国のオバマ大統領は２８日、ホワイトハウスで訪米中の日本の安倍首相と会談後、日本の安全保障に対する承諾を再び言明したが、安倍首相は侵略の歴史と「慰安婦」問題に対する謝罪を拒否した。','','','',2041),(2042,'    オバマ大統領は会談後、安倍首相との共同記者会見で、米国の日本に対する安全保障の承諾は「絶対だ」と述べた。オバマ大統領はまた、昨年４月の日本訪問中に表明した立場、即ち「日米安全保障条約」第五条を釣魚島を含むすべての日本の施政範囲に適用することを再び言明した。','','','',2042),(2043,'    オバマ大統領はさらに次のように述べた。強力な米日同盟は「挑発」とみなされてはならない。米国が中国の「平和的な奮い立ち」を歓迎する理由は、中国は急成長中の潜在的な市場であるだけでなく、且つ奮い立つことによって他国への援助提供の負担を分担できるからだ。','','','',2043),(2044,'    米日両国は２７日、ニューヨークで新版「日米防衛協力のための指針」を共同で発表し、日本の武装力が世界でより攻撃的な役割を果たし、米日軍事同盟のカバー範囲を日本周辺中心から全世界へと放射状に拡大していくことを容認した。','','','',2044),(2045,'    オバマ大統領は新版「日米防衛協力のための指針」は米国がアジア太平洋地域における軍事力の配置を調整するためにプラスとなると述べた。','','','',2045),(2046,'    安倍首相はメディアの記者が侵略の歴史と「慰安婦」問題について謝罪するかどうかという質問に答えた際に、「非常に心が痛む」と同じ主張を再び持ち出した。安倍首相はまた、日本の河野洋平元内閣官房長官が１９９３年にこの問題に対して発表した談話を維持する方針を示した。','','','',2046),(2047,'    今年は第二次世界大戦終戦と日本の敗戦降伏７０周年にあたる。安倍首相とその内閣は一方で、集団的自衛権行使の解禁を企てながら、もう一方で、歴史を直視することを避け、日本の侵略と暴行を粉飾し、国内外で憂慮と抗議を招いている。','','','',2047),(2048,'    米国の調査機関ピュー・リサーチ・センターが今月発表した民意調査結果で、米国人は日本が軍事上、より大きな役割を発揮することに疑念を抱いており、日本人の６８％は歴史的要因を考慮し、日本は自国の軍事的役割に制限を加えるべきだと考えていることが示された。（翻訳・編集/新華網日本語）','','','',2048);
/*!40000 ALTER TABLE `jp_trans` ENABLE KEYS */;
UNLOCK TABLES;

--
-- Table structure for table `users`
--

DROP TABLE IF EXISTS `users`;
/*!40101 SET @saved_cs_client     = @@character_set_client */;
/*!40101 SET character_set_client = utf8 */;
CREATE TABLE `users` (
  `user_id` int(11) NOT NULL auto_increment,
  `name` varchar(16) NOT NULL,
  `password` binary(60) NOT NULL,
  `email` varchar(255) NOT NULL,
  `role` varchar(255) NOT NULL,
  `activated` tinyint(4) NOT NULL,
  `institute` varchar(255) NOT NULL,
  `memo` varchar(255) default NULL,
  PRIMARY KEY  (`user_id`)
) ENGINE=InnoDB AUTO_INCREMENT=13 DEFAULT CHARSET=utf8;
/*!40101 SET character_set_client = @saved_cs_client */;

--
-- Dumping data for table `users`
--

LOCK TABLES `users` WRITE;
/*!40000 ALTER TABLE `users` DISABLE KEYS */;
INSERT INTO `users` VALUES (4,'clh','$2a$10$1cOLdmyVs64eOR5VPymxy.LEfM8AQoBP0/USLgr2nFrjb4TTB20.6','clh@hotmail.com','member',1,'',NULL),(5,'mashuaihh','$2a$10$CvW6iBlzbjb07dTj9REmMOZihK2Q6lu3.X9vRGfIdhzzThnctt61q','mashuai@163.com','member',1,'',NULL),(6,'xxl','$2a$10$uiLgwdU79Y00eHCzGVENT.Egdz3PObLP.hfJ.Uc2Fd2liNoEJ7j/.','xxl@','member',1,'',NULL),(7,'admin','$2a$10$G.gqg2gJKtXhNQEs24p0E.Ev.jfY6i/TdWtEMZDhfZ7eyfz4vPHgm','admin@163.com','admin',1,'',NULL),(8,'sss','$2a$10$4G.0hl7Os8mY7oaAeeOlxOJdR2DsLA.aYcdSofiAZtkRgYf9jZouS','mklzcv','member',1,'',NULL),(9,'123','$2a$10$GONJGo.qj/mBCmUbh13Iv.T71XCbSlczegB/DdrEhyM31eTvBhyga','lklkjlh','member',1,'',NULL),(11,'xxxxx','$2a$10$sWTP1slVILm2bDxKqwk2v.pd7lnISWN2zMavIfKW6qtklDXYQdGWW','xxx@hlk.com','member',0,'',NULL),(12,'mashang','$2a$10$Gjn7QnPLYm5/9hmnTs9NAuaxkxWibv7YfQaI7hWuFp3sSjsRdUMoa','18910198269@189.cn','member',1,'bwgf','hi there how are you?');
/*!40000 ALTER TABLE `users` ENABLE KEYS */;
UNLOCK TABLES;
/*!40103 SET TIME_ZONE=@OLD_TIME_ZONE */;

/*!40101 SET SQL_MODE=@OLD_SQL_MODE */;
/*!40014 SET FOREIGN_KEY_CHECKS=@OLD_FOREIGN_KEY_CHECKS */;
/*!40014 SET UNIQUE_CHECKS=@OLD_UNIQUE_CHECKS */;
/*!40101 SET CHARACTER_SET_CLIENT=@OLD_CHARACTER_SET_CLIENT */;
/*!40101 SET CHARACTER_SET_RESULTS=@OLD_CHARACTER_SET_RESULTS */;
/*!40101 SET COLLATION_CONNECTION=@OLD_COLLATION_CONNECTION */;
/*!40111 SET SQL_NOTES=@OLD_SQL_NOTES */;

-- Dump completed on 2015-06-22 17:17:26
